__metadata,ID,ROW_ID,SALES_ORGANIZATION,SIM_ROUND,SIM_STEP,SIM_DATE,SIM_PERIOD,SIM_ELAPSED_STEPS,SALES_ORDER_NUMBER,LINE_ITEM,STORAGE_LOCATION,AREA,DISTRIBUTION_CHANNEL,MATERIAL_NUMBER,MATERIAL_DESCRIPTION,QUANTITY,QUANTITY_DELIVERED,UNIT,NET_PRICE,NET_VALUE,COST,CURRENCY
"{'id': ""http://e05.bi.ucc.cit.tum.de/odata/935/Sales('.1~1')"", 'uri': ""http://e05.bi.ucc.cit.tum.de/odata/935/Sales('.1~1')"", 'type': 'ZCDS_ODATA_SIMULATION_SRV.Sales'}",.1~1,1,JJ,02,02,02/02,5,22,868,1,02,South,12,JJ-F01,500g Nut Muesli,2023,2023,ST,4.50,9103.50,1820.70,EUR
"{'id': ""http://e05.bi.ucc.cit.tum.de/odata/935/Sales('.1~2')"", 'uri': ""http://e05.bi.ucc.cit.tum.de/odata/935/Sales('.1~2')"", 'type': 'ZCDS_ODATA_SIMULATION_SRV.Sales'}",.1~2,2,JJ,02,02,02/02,5,22,871,2,02,North,12,JJ-F01,500g Nut Muesli,2304,2304,ST,4.50,10368.00,2073.60,EUR
"{'id': ""http://e05.bi.ucc.cit.tum.de/odata/935/Sales('.1~3')"", 'uri': ""http://e05.bi.ucc.cit.tum.de/odata/935/Sales('.1~3')"", 'type': 'ZCDS_ODATA_SIMULATION_SRV.Sales'}",.1~3,3,JJ,02,02,02/02,5,22,868,2,02,South,12,JJ-F01,500g Nut Muesli,2015,2015,ST,4.50,9067.50,1813.50,EUR
"{'id': ""http://e05.bi.ucc.cit.tum.de/odata/935/Sales('.1~4')"", 'uri': ""http://e05.bi.ucc.cit.tum.de/odata/935/Sales('.1~4')"", 'type': 'ZCDS_ODATA_SIMULATION_SRV.Sales'}",.1~4,4,JJ,02,02,02/02,5,22,871,1,02,North,12,JJ-F01,500g Nut Muesli,2490,2490,ST,4.50,11205.00,2241.00,EUR
"{'id': ""http://e05.bi.ucc.cit.tum.de/odata/935/Sales('.1~5')"", 'uri': ""http://e05.bi.ucc.cit.tum.de/odata/935/Sales('.1~5')"", 'type': 'ZCDS_ODATA_SIMULATION_SRV.Sales'}",.1~5,5,JJ,02,02,02/02,5,22,868,3,02,South,12,JJ-F01,500g Nut Muesli,2419,2419,ST,4.50,10885.50,2177.10,EUR
"{'id': ""http://e05.bi.ucc.cit.tum.de/odata/935/Sales('.1~6')"", 'uri': ""http://e05.bi.ucc.cit.tum.de/odata/935/Sales('.1~6')"", 'type': 'ZCDS_ODATA_SIMULATION_SRV.Sales'}",.1~6,6,JJ,02,02,02/02,5,22,865,2,02,South,12,JJ-F01,500g Nut Muesli,2068,2068,ST,4.50,9306.00,1861.20,EUR
"{'id': ""http://e05.bi.ucc.cit.tum.de/odata/935/Sales('.1~7')"", 'uri': ""http://e05.bi.ucc.cit.tum.de/odata/935/Sales('.1~7')"", 'type': 'ZCDS_ODATA_SIMULATION_SRV.Sales'}",.1~7,7,JJ,02,02,02/02,5,22,865,1,02,South,12,JJ-F01,500g Nut Muesli,2567,2567,ST,4.50,11551.50,2310.30,EUR
"{'id': ""http://e05.bi.ucc.cit.tum.de/odata/935/Sales('.1~8')"", 'uri': ""http://e05.bi.ucc.cit.tum.de/odata/935/Sales('.1~8')"", 'type': 'ZCDS_ODATA_SIMULATION_SRV.Sales'}",.1~8,8,JJ,02,02,02/02,5,22,879,1,02,North,12,JJ-F01,500g Nut Muesli,2014,2014,ST,4.50,9063.00,1812.60,EUR
"{'id': ""http://e05.bi.ucc.cit.tum.de/odata/935/Sales('.1~9')"", 'uri': ""http://e05.bi.ucc.cit.tum.de/odata/935/Sales('.1~9')"", 'type': 'ZCDS_ODATA_SIMULATION_SRV.Sales'}",.1~9,9,JJ,02,02,02/02,5,22,879,2,02,North,12,JJ-F01,500g Nut Muesli,2017,2017,ST,4.50,9076.50,1815.30,EUR
"{'id': ""http://e05.bi.ucc.cit.tum.de/odata/935/Sales('.1~10')"", 'uri': ""http://e05.bi.ucc.cit.tum.de/odata/935/Sales('.1~10')"", 'type': 'ZCDS_ODATA_SIMULATION_SRV.Sales'}",.1~10,10,JJ,02,02,02/02,5,22,875,1,02,North,12,JJ-F01,500g Nut Muesli,2041,2041,ST,4.50,9184.50,1836.90,EUR
"{'id': ""http://e05.bi.ucc.cit.tum.de/odata/935/Sales('.1~11')"", 'uri': ""http://e05.bi.ucc.cit.tum.de/odata/935/Sales('.1~11')"", 'type': 'ZCDS_ODATA_SIMULATION_SRV.Sales'}",.1~11,11,JJ,02,02,02/02,5,22,875,2,02,North,12,JJ-F01,500g Nut Muesli,2042,2042,ST,4.50,9189.00,1837.80,EUR
"{'id': ""http://e05.bi.ucc.cit.tum.de/odata/935/Sales('.1~12')"", 'uri': ""http://e05.bi.ucc.cit.tum.de/odata/935/Sales('.1~12')"", 'type': 'ZCDS_ODATA_SIMULATION_SRV.Sales'}",.1~12,12,JJ,02,03,02/03,5,23,893,3,02,West,12,JJ-F01,500g Nut Muesli,2546,2546,ST,4.50,11457.00,2291.40,EUR
"{'id': ""http://e05.bi.ucc.cit.tum.de/odata/935/Sales('.1~13')"", 'uri': ""http://e05.bi.ucc.cit.tum.de/odata/935/Sales('.1~13')"", 'type': 'ZCDS_ODATA_SIMULATION_SRV.Sales'}",.1~13,13,JJ,02,03,02/03,5,23,890,1,02,South,12,JJ-F01,500g Nut Muesli,2234,2234,ST,4.50,10053.00,2010.60,EUR
"{'id': ""http://e05.bi.ucc.cit.tum.de/odata/935/Sales('.1~14')"", 'uri': ""http://e05.bi.ucc.cit.tum.de/odata/935/Sales('.1~14')"", 'type': 'ZCDS_ODATA_SIMULATION_SRV.Sales'}",.1~14,14,JJ,02,03,02/03,5,23,893,2,02,West,12,JJ-F01,500g Nut Muesli,2173,2173,ST,4.50,9778.50,1955.70,EUR
"{'id': ""http://e05.bi.ucc.cit.tum.de/odata/935/Sales('.1~15')"", 'uri': ""http://e05.bi.ucc.cit.tum.de/odata/935/Sales('.1~15')"", 'type': 'ZCDS_ODATA_SIMULATION_SRV.Sales'}",.1~15,15,JJ,02,03,02/03,5,23,893,1,02,West,12,JJ-F01,500g Nut Muesli,2088,2088,ST,4.50,9396.00,1879.20,EUR
"{'id': ""http://e05.bi.ucc.cit.tum.de/odata/935/Sales('.1~16')"", 'uri': ""http://e05.bi.ucc.cit.tum.de/odata/935/Sales('.1~16')"", 'type': 'ZCDS_ODATA_SIMULATION_SRV.Sales'}",.1~16,16,JJ,02,03,02/03,5,23,901,1,02,West,14,JJ-F01,500g Nut Muesli,1676,1676,ST,5.00,8380.00,1508.40,EUR
"{'id': ""http://e05.bi.ucc.cit.tum.de/odata/935/Sales('.1~17')"", 'uri': ""http://e05.bi.ucc.cit.tum.de/odata/935/Sales('.1~17')"", 'type': 'ZCDS_ODATA_SIMULATION_SRV.Sales'}",.1~17,17,JJ,02,03,02/03,5,23,897,1,02,North,14,JJ-F01,500g Nut Muesli,1359,1359,ST,5.00,6795.00,1223.10,EUR
"{'id': ""http://e05.bi.ucc.cit.tum.de/odata/935/Sales('.1~18')"", 'uri': ""http://e05.bi.ucc.cit.tum.de/odata/935/Sales('.1~18')"", 'type': 'ZCDS_ODATA_SIMULATION_SRV.Sales'}",.1~18,18,JJ,02,04,02/04,5,24,917,2,02,North,12,JJ-F01,500g Nut Muesli,2352,2352,ST,4.50,10584.00,2116.80,EUR
"{'id': ""http://e05.bi.ucc.cit.tum.de/odata/935/Sales('.1~19')"", 'uri': ""http://e05.bi.ucc.cit.tum.de/odata/935/Sales('.1~19')"", 'type': 'ZCDS_ODATA_SIMULATION_SRV.Sales'}",.1~19,19,JJ,02,04,02/04,5,24,917,1,02,North,12,JJ-F02,500g Blueberry Muesli,2442,2442,ST,4.50,10989.00,3003.66,EUR
"{'id': ""http://e05.bi.ucc.cit.tum.de/odata/935/Sales('.1~20')"", 'uri': ""http://e05.bi.ucc.cit.tum.de/odata/935/Sales('.1~20')"", 'type': 'ZCDS_ODATA_SIMULATION_SRV.Sales'}",.1~20,20,JJ,02,04,02/04,5,24,915,2,02,South,12,JJ-F02,500g Blueberry Muesli,2397,2397,ST,4.50,10786.50,2948.31,EUR
"{'id': ""http://e05.bi.ucc.cit.tum.de/odata/935/Sales('.1~21')"", 'uri': ""http://e05.bi.ucc.cit.tum.de/odata/935/Sales('.1~21')"", 'type': 'ZCDS_ODATA_SIMULATION_SRV.Sales'}",.1~21,21,JJ,02,04,02/04,5,24,915,1,02,South,12,JJ-F02,500g Blueberry Muesli,2135,2135,ST,4.50,9607.50,2626.05,EUR
"{'id': ""http://e05.bi.ucc.cit.tum.de/odata/935/Sales('.1~22')"", 'uri': ""http://e05.bi.ucc.cit.tum.de/odata/935/Sales('.1~22')"", 'type': 'ZCDS_ODATA_SIMULATION_SRV.Sales'}",.1~22,22,JJ,02,04,02/04,5,24,922,2,02,North,12,JJ-F02,500g Blueberry Muesli,2065,2065,ST,4.50,9292.50,2539.95,EUR
"{'id': ""http://e05.bi.ucc.cit.tum.de/odata/935/Sales('.1~23')"", 'uri': ""http://e05.bi.ucc.cit.tum.de/odata/935/Sales('.1~23')"", 'type': 'ZCDS_ODATA_SIMULATION_SRV.Sales'}",.1~23,23,JJ,02,04,02/04,5,24,925,2,02,North,12,JJ-F02,500g Blueberry Muesli,2291,2291,ST,4.50,10309.50,2817.93,EUR
"{'id': ""http://e05.bi.ucc.cit.tum.de/odata/935/Sales('.1~24')"", 'uri': ""http://e05.bi.ucc.cit.tum.de/odata/935/Sales('.1~24')"", 'type': 'ZCDS_ODATA_SIMULATION_SRV.Sales'}",.1~24,24,JJ,02,04,02/04,5,24,925,1,02,North,12,JJ-F02,500g Blueberry Muesli,2558,2558,ST,4.50,11511.00,3146.34,EUR
"{'id': ""http://e05.bi.ucc.cit.tum.de/odata/935/Sales('.1~25')"", 'uri': ""http://e05.bi.ucc.cit.tum.de/odata/935/Sales('.1~25')"", 'type': 'ZCDS_ODATA_SIMULATION_SRV.Sales'}",.1~25,25,JJ,02,04,02/04,5,24,928,1,02,West,12,JJ-F02,500g Blueberry Muesli,2014,2014,ST,4.50,9063.00,2477.22,EUR
"{'id': ""http://e05.bi.ucc.cit.tum.de/odata/935/Sales('.1~26')"", 'uri': ""http://e05.bi.ucc.cit.tum.de/odata/935/Sales('.1~26')"", 'type': 'ZCDS_ODATA_SIMULATION_SRV.Sales'}",.1~26,26,JJ,02,04,02/04,5,24,931,2,02,West,12,JJ-F02,500g Blueberry Muesli,2451,2451,ST,4.50,11029.50,3014.73,EUR
"{'id': ""http://e05.bi.ucc.cit.tum.de/odata/935/Sales('.1~27')"", 'uri': ""http://e05.bi.ucc.cit.tum.de/odata/935/Sales('.1~27')"", 'type': 'ZCDS_ODATA_SIMULATION_SRV.Sales'}",.1~27,27,JJ,02,04,02/04,5,24,931,1,02,West,12,JJ-F02,500g Blueberry Muesli,2540,2540,ST,4.50,11430.00,3124.20,EUR
"{'id': ""http://e05.bi.ucc.cit.tum.de/odata/935/Sales('.1~28')"", 'uri': ""http://e05.bi.ucc.cit.tum.de/odata/935/Sales('.1~28')"", 'type': 'ZCDS_ODATA_SIMULATION_SRV.Sales'}",.1~28,28,JJ,02,04,02/04,5,24,922,1,02,North,12,JJ-F02,500g Blueberry Muesli,2071,2071,ST,4.50,9319.50,2547.33,EUR
"{'id': ""http://e05.bi.ucc.cit.tum.de/odata/935/Sales('.1~29')"", 'uri': ""http://e05.bi.ucc.cit.tum.de/odata/935/Sales('.1~29')"", 'type': 'ZCDS_ODATA_SIMULATION_SRV.Sales'}",.1~29,29,JJ,02,04,02/04,5,24,934,1,02,South,14,JJ-F02,500g Blueberry Muesli,1036,1036,ST,5.00,5180.00,1274.28,EUR
"{'id': ""http://e05.bi.ucc.cit.tum.de/odata/935/Sales('.1~30')"", 'uri': ""http://e05.bi.ucc.cit.tum.de/odata/935/Sales('.1~30')"", 'type': 'ZCDS_ODATA_SIMULATION_SRV.Sales'}",.1~30,30,JJ,02,05,02/05,5,25,945,1,02,West,12,JJ-F02,500g Blueberry Muesli,2287,2287,ST,4.50,10291.50,2813.01,EUR
"{'id': ""http://e05.bi.ucc.cit.tum.de/odata/935/Sales('.1~31')"", 'uri': ""http://e05.bi.ucc.cit.tum.de/odata/935/Sales('.1~31')"", 'type': 'ZCDS_ODATA_SIMULATION_SRV.Sales'}",.1~31,31,JJ,02,05,02/05,5,25,942,1,02,South,12,JJ-F02,500g Blueberry Muesli,2571,2571,ST,4.50,11569.50,3162.33,EUR
"{'id': ""http://e05.bi.ucc.cit.tum.de/odata/935/Sales('.1~32')"", 'uri': ""http://e05.bi.ucc.cit.tum.de/odata/935/Sales('.1~32')"", 'type': 'ZCDS_ODATA_SIMULATION_SRV.Sales'}",.1~32,32,JJ,02,05,02/05,5,25,946,1,02,West,12,JJ-F04,500g Raisin Muesli,2444,2444,ST,4.50,10998.00,1930.76,EUR
"{'id': ""http://e05.bi.ucc.cit.tum.de/odata/935/Sales('.1~33')"", 'uri': ""http://e05.bi.ucc.cit.tum.de/odata/935/Sales('.1~33')"", 'type': 'ZCDS_ODATA_SIMULATION_SRV.Sales'}",.1~33,33,JJ,02,05,02/05,5,25,958,1,02,South,14,JJ-F02,500g Blueberry Muesli,1762,1762,ST,5.00,8810.00,2167.26,EUR
"{'id': ""http://e05.bi.ucc.cit.tum.de/odata/935/Sales('.1~34')"", 'uri': ""http://e05.bi.ucc.cit.tum.de/odata/935/Sales('.1~34')"", 'type': 'ZCDS_ODATA_SIMULATION_SRV.Sales'}",.1~34,34,JJ,02,05,02/05,5,25,960,1,02,West,14,JJ-F02,500g Blueberry Muesli,1524,1524,ST,5.00,7620.00,1874.52,EUR
"{'id': ""http://e05.bi.ucc.cit.tum.de/odata/935/Sales('.1~35')"", 'uri': ""http://e05.bi.ucc.cit.tum.de/odata/935/Sales('.1~35')"", 'type': 'ZCDS_ODATA_SIMULATION_SRV.Sales'}",.1~35,35,JJ,02,05,02/05,5,25,963,1,02,South,14,JJ-F02,500g Blueberry Muesli,1546,1546,ST,5.00,7730.00,1901.58,EUR
"{'id': ""http://e05.bi.ucc.cit.tum.de/odata/935/Sales('.1~36')"", 'uri': ""http://e05.bi.ucc.cit.tum.de/odata/935/Sales('.1~36')"", 'type': 'ZCDS_ODATA_SIMULATION_SRV.Sales'}",.1~36,36,JJ,02,05,02/05,5,25,955,1,02,West,14,JJ-F02,500g Blueberry Muesli,1370,1370,ST,5.00,6850.00,1685.10,EUR
"{'id': ""http://e05.bi.ucc.cit.tum.de/odata/935/Sales('.1~37')"", 'uri': ""http://e05.bi.ucc.cit.tum.de/odata/935/Sales('.1~37')"", 'type': 'ZCDS_ODATA_SIMULATION_SRV.Sales'}",.1~37,37,JJ,02,05,02/05,5,25,952,1,02,North,14,JJ-F02,500g Blueberry Muesli,1749,1749,ST,5.00,8745.00,2151.27,EUR
"{'id': ""http://e05.bi.ucc.cit.tum.de/odata/935/Sales('.1~38')"", 'uri': ""http://e05.bi.ucc.cit.tum.de/odata/935/Sales('.1~38')"", 'type': 'ZCDS_ODATA_SIMULATION_SRV.Sales'}",.1~38,38,JJ,02,05,02/05,5,25,949,1,02,North,14,JJ-F04,500g Raisin Muesli,1556,1556,ST,5.00,7780.00,1229.24,EUR
"{'id': ""http://e05.bi.ucc.cit.tum.de/odata/935/Sales('.1~39')"", 'uri': ""http://e05.bi.ucc.cit.tum.de/odata/935/Sales('.1~39')"", 'type': 'ZCDS_ODATA_SIMULATION_SRV.Sales'}",.1~39,39,JJ,02,06,02/06,6,26,970,1,02,North,12,JJ-F01,500g Nut Muesli,1572,1572,ST,4.50,7074.00,1414.80,EUR
"{'id': ""http://e05.bi.ucc.cit.tum.de/odata/935/Sales('.1~40')"", 'uri': ""http://e05.bi.ucc.cit.tum.de/odata/935/Sales('.1~40')"", 'type': 'ZCDS_ODATA_SIMULATION_SRV.Sales'}",.1~40,40,JJ,02,06,02/06,6,26,966,1,02,South,12,JJ-F02,500g Blueberry Muesli,2397,2397,ST,4.50,10786.50,2948.31,EUR
"{'id': ""http://e05.bi.ucc.cit.tum.de/odata/935/Sales('.1~41')"", 'uri': ""http://e05.bi.ucc.cit.tum.de/odata/935/Sales('.1~41')"", 'type': 'ZCDS_ODATA_SIMULATION_SRV.Sales'}",.1~41,41,JJ,02,06,02/06,6,26,970,2,02,North,12,JJ-F02,500g Blueberry Muesli,794,794,ST,4.50,3573.00,976.62,EUR
"{'id': ""http://e05.bi.ucc.cit.tum.de/odata/935/Sales('.1~42')"", 'uri': ""http://e05.bi.ucc.cit.tum.de/odata/935/Sales('.1~42')"", 'type': 'ZCDS_ODATA_SIMULATION_SRV.Sales'}",.1~42,42,JJ,02,06,02/06,6,26,973,1,02,West,12,JJ-F04,500g Raisin Muesli,2066,2066,ST,4.50,9297.00,1632.14,EUR
"{'id': ""http://e05.bi.ucc.cit.tum.de/odata/935/Sales('.1~43')"", 'uri': ""http://e05.bi.ucc.cit.tum.de/odata/935/Sales('.1~43')"", 'type': 'ZCDS_ODATA_SIMULATION_SRV.Sales'}",.1~43,43,JJ,02,06,02/06,6,26,966,2,02,South,12,JJ-F04,500g Raisin Muesli,2571,2571,ST,4.50,11569.50,2031.09,EUR
"{'id': ""http://e05.bi.ucc.cit.tum.de/odata/935/Sales('.1~44')"", 'uri': ""http://e05.bi.ucc.cit.tum.de/odata/935/Sales('.1~44')"", 'type': 'ZCDS_ODATA_SIMULATION_SRV.Sales'}",.1~44,44,JJ,02,06,02/06,6,26,976,1,02,West,14,JJ-F04,500g Raisin Muesli,1767,1767,ST,5.00,8835.00,1395.93,EUR
"{'id': ""http://e05.bi.ucc.cit.tum.de/odata/935/Sales('.1~45')"", 'uri': ""http://e05.bi.ucc.cit.tum.de/odata/935/Sales('.1~45')"", 'type': 'ZCDS_ODATA_SIMULATION_SRV.Sales'}",.1~45,45,JJ,02,06,02/06,6,26,980,1,02,West,14,JJ-F04,500g Raisin Muesli,1524,1524,ST,5.00,7620.00,1203.96,EUR
"{'id': ""http://e05.bi.ucc.cit.tum.de/odata/935/Sales('.1~46')"", 'uri': ""http://e05.bi.ucc.cit.tum.de/odata/935/Sales('.1~46')"", 'type': 'ZCDS_ODATA_SIMULATION_SRV.Sales'}",.1~46,46,JJ,02,06,02/06,6,26,984,1,02,West,14,JJ-F04,500g Raisin Muesli,1680,1680,ST,5.00,8400.00,1327.20,EUR
"{'id': ""http://e05.bi.ucc.cit.tum.de/odata/935/Sales('.1~47')"", 'uri': ""http://e05.bi.ucc.cit.tum.de/odata/935/Sales('.1~47')"", 'type': 'ZCDS_ODATA_SIMULATION_SRV.Sales'}",.1~47,47,JJ,02,06,02/06,6,26,988,1,02,South,14,JJ-F04,500g Raisin Muesli,1450,1450,ST,5.00,7250.00,1145.50,EUR
"{'id': ""http://e05.bi.ucc.cit.tum.de/odata/935/Sales('.1~48')"", 'uri': ""http://e05.bi.ucc.cit.tum.de/odata/935/Sales('.1~48')"", 'type': 'ZCDS_ODATA_SIMULATION_SRV.Sales'}",.1~48,48,JJ,02,07,02/07,6,27,995,3,02,South,12,JJ-F03,500g Strawberry Muesli,2412,2412,ST,4.50,10854.00,2966.76,EUR
"{'id': ""http://e05.bi.ucc.cit.tum.de/odata/935/Sales('.1~49')"", 'uri': ""http://e05.bi.ucc.cit.tum.de/odata/935/Sales('.1~49')"", 'type': 'ZCDS_ODATA_SIMULATION_SRV.Sales'}",.1~49,49,JJ,02,07,02/07,6,27,995,2,02,South,12,JJ-F03,500g Strawberry Muesli,2494,2494,ST,4.50,11223.00,3067.62,EUR
"{'id': ""http://e05.bi.ucc.cit.tum.de/odata/935/Sales('.1~50')"", 'uri': ""http://e05.bi.ucc.cit.tum.de/odata/935/Sales('.1~50')"", 'type': 'ZCDS_ODATA_SIMULATION_SRV.Sales'}",.1~50,50,JJ,02,07,02/07,6,27,1000,3,02,West,12,JJ-F03,500g Strawberry Muesli,2113,2113,ST,4.50,9508.50,2598.99,EUR
"{'id': ""http://e05.bi.ucc.cit.tum.de/odata/935/Sales('.1~51')"", 'uri': ""http://e05.bi.ucc.cit.tum.de/odata/935/Sales('.1~51')"", 'type': 'ZCDS_ODATA_SIMULATION_SRV.Sales'}",.1~51,51,JJ,02,07,02/07,6,27,1000,1,02,West,12,JJ-F04,500g Raisin Muesli,2333,2333,ST,4.50,10498.50,1843.07,EUR
"{'id': ""http://e05.bi.ucc.cit.tum.de/odata/935/Sales('.1~52')"", 'uri': ""http://e05.bi.ucc.cit.tum.de/odata/935/Sales('.1~52')"", 'type': 'ZCDS_ODATA_SIMULATION_SRV.Sales'}",.1~52,52,JJ,02,07,02/07,6,27,995,1,02,South,12,JJ-F04,500g Raisin Muesli,2255,2255,ST,4.50,10147.50,1781.45,EUR
"{'id': ""http://e05.bi.ucc.cit.tum.de/odata/935/Sales('.1~53')"", 'uri': ""http://e05.bi.ucc.cit.tum.de/odata/935/Sales('.1~53')"", 'type': 'ZCDS_ODATA_SIMULATION_SRV.Sales'}",.1~53,53,JJ,02,07,02/07,6,27,1000,2,02,West,12,JJ-F04,500g Raisin Muesli,2154,2154,ST,4.50,9693.00,1701.66,EUR
"{'id': ""http://e05.bi.ucc.cit.tum.de/odata/935/Sales('.1~54')"", 'uri': ""http://e05.bi.ucc.cit.tum.de/odata/935/Sales('.1~54')"", 'type': 'ZCDS_ODATA_SIMULATION_SRV.Sales'}",.1~54,54,JJ,02,07,02/07,6,27,1007,1,02,North,14,JJ-F03,500g Strawberry Muesli,981,981,ST,5.00,4905.00,1206.63,EUR
"{'id': ""http://e05.bi.ucc.cit.tum.de/odata/935/Sales('.1~55')"", 'uri': ""http://e05.bi.ucc.cit.tum.de/odata/935/Sales('.1~55')"", 'type': 'ZCDS_ODATA_SIMULATION_SRV.Sales'}",.1~55,55,JJ,02,07,02/07,6,27,1004,1,02,North,14,JJ-F04,500g Raisin Muesli,1768,1768,ST,5.00,8840.00,1396.72,EUR
"{'id': ""http://e05.bi.ucc.cit.tum.de/odata/935/Sales('.1~56')"", 'uri': ""http://e05.bi.ucc.cit.tum.de/odata/935/Sales('.1~56')"", 'type': 'ZCDS_ODATA_SIMULATION_SRV.Sales'}",.1~56,56,JJ,02,07,02/07,6,27,1011,1,02,South,14,JJ-F04,500g Raisin Muesli,1367,1367,ST,5.00,6835.00,1079.93,EUR
"{'id': ""http://e05.bi.ucc.cit.tum.de/odata/935/Sales('.1~57')"", 'uri': ""http://e05.bi.ucc.cit.tum.de/odata/935/Sales('.1~57')"", 'type': 'ZCDS_ODATA_SIMULATION_SRV.Sales'}",.1~57,57,JJ,02,08,02/08,6,28,1035,1,02,West,12,JJ-F03,500g Strawberry Muesli,2290,2290,ST,4.50,10305.00,2816.70,EUR
"{'id': ""http://e05.bi.ucc.cit.tum.de/odata/935/Sales('.1~58')"", 'uri': ""http://e05.bi.ucc.cit.tum.de/odata/935/Sales('.1~58')"", 'type': 'ZCDS_ODATA_SIMULATION_SRV.Sales'}",.1~58,58,JJ,02,08,02/08,6,28,1029,2,02,North,12,JJ-F03,500g Strawberry Muesli,2409,2409,ST,4.50,10840.50,2963.07,EUR
"{'id': ""http://e05.bi.ucc.cit.tum.de/odata/935/Sales('.1~59')"", 'uri': ""http://e05.bi.ucc.cit.tum.de/odata/935/Sales('.1~59')"", 'type': 'ZCDS_ODATA_SIMULATION_SRV.Sales'}",.1~59,59,JJ,02,08,02/08,6,28,1026,1,02,North,12,JJ-F03,500g Strawberry Muesli,2185,2185,ST,4.50,9832.50,2687.55,EUR
"{'id': ""http://e05.bi.ucc.cit.tum.de/odata/935/Sales('.1~60')"", 'uri': ""http://e05.bi.ucc.cit.tum.de/odata/935/Sales('.1~60')"", 'type': 'ZCDS_ODATA_SIMULATION_SRV.Sales'}",.1~60,60,JJ,02,08,02/08,6,28,1026,2,02,North,12,JJ-F03,500g Strawberry Muesli,2600,2600,ST,4.50,11700.00,3198.00,EUR
"{'id': ""http://e05.bi.ucc.cit.tum.de/odata/935/Sales('.1~61')"", 'uri': ""http://e05.bi.ucc.cit.tum.de/odata/935/Sales('.1~61')"", 'type': 'ZCDS_ODATA_SIMULATION_SRV.Sales'}",.1~61,61,JJ,02,08,02/08,6,28,1026,3,02,North,12,JJ-F03,500g Strawberry Muesli,2199,2199,ST,4.50,9895.50,2704.77,EUR
"{'id': ""http://e05.bi.ucc.cit.tum.de/odata/935/Sales('.1~62')"", 'uri': ""http://e05.bi.ucc.cit.tum.de/odata/935/Sales('.1~62')"", 'type': 'ZCDS_ODATA_SIMULATION_SRV.Sales'}",.1~62,62,JJ,02,08,02/08,6,28,1021,1,02,South,12,JJ-F03,500g Strawberry Muesli,2416,2416,ST,4.50,10872.00,2971.68,EUR
"{'id': ""http://e05.bi.ucc.cit.tum.de/odata/935/Sales('.1~63')"", 'uri': ""http://e05.bi.ucc.cit.tum.de/odata/935/Sales('.1~63')"", 'type': 'ZCDS_ODATA_SIMULATION_SRV.Sales'}",.1~63,63,JJ,02,08,02/08,6,28,1029,1,02,North,12,JJ-F03,500g Strawberry Muesli,2099,2099,ST,4.50,9445.50,2581.77,EUR
"{'id': ""http://e05.bi.ucc.cit.tum.de/odata/935/Sales('.1~64')"", 'uri': ""http://e05.bi.ucc.cit.tum.de/odata/935/Sales('.1~64')"", 'type': 'ZCDS_ODATA_SIMULATION_SRV.Sales'}",.1~64,64,JJ,02,08,02/08,6,28,1036,1,02,West,12,JJ-F03,500g Strawberry Muesli,2087,2087,ST,4.50,9391.50,2567.01,EUR
"{'id': ""http://e05.bi.ucc.cit.tum.de/odata/935/Sales('.1~65')"", 'uri': ""http://e05.bi.ucc.cit.tum.de/odata/935/Sales('.1~65')"", 'type': 'ZCDS_ODATA_SIMULATION_SRV.Sales'}",.1~65,65,JJ,02,08,02/08,6,28,1032,1,02,North,12,JJ-F03,500g Strawberry Muesli,2611,2611,ST,4.50,11749.50,3211.53,EUR
"{'id': ""http://e05.bi.ucc.cit.tum.de/odata/935/Sales('.1~66')"", 'uri': ""http://e05.bi.ucc.cit.tum.de/odata/935/Sales('.1~66')"", 'type': 'ZCDS_ODATA_SIMULATION_SRV.Sales'}",.1~66,66,JJ,02,08,02/08,6,28,1036,2,02,West,12,JJ-F03,500g Strawberry Muesli,2526,2526,ST,4.50,11367.00,3106.98,EUR
"{'id': ""http://e05.bi.ucc.cit.tum.de/odata/935/Sales('.1~67')"", 'uri': ""http://e05.bi.ucc.cit.tum.de/odata/935/Sales('.1~67')"", 'type': 'ZCDS_ODATA_SIMULATION_SRV.Sales'}",.1~67,67,JJ,02,08,02/08,6,28,1036,3,02,West,12,JJ-F03,500g Strawberry Muesli,578,578,ST,4.50,2601.00,710.94,EUR
"{'id': ""http://e05.bi.ucc.cit.tum.de/odata/935/Sales('.1~68')"", 'uri': ""http://e05.bi.ucc.cit.tum.de/odata/935/Sales('.1~68')"", 'type': 'ZCDS_ODATA_SIMULATION_SRV.Sales'}",.1~68,68,JJ,02,08,02/08,6,28,1036,4,02,West,12,JJ-F04,500g Raisin Muesli,2058,2058,ST,4.50,9261.00,1625.82,EUR
"{'id': ""http://e05.bi.ucc.cit.tum.de/odata/935/Sales('.1~69')"", 'uri': ""http://e05.bi.ucc.cit.tum.de/odata/935/Sales('.1~69')"", 'type': 'ZCDS_ODATA_SIMULATION_SRV.Sales'}",.1~69,69,JJ,02,08,02/08,6,28,1041,1,02,South,14,JJ-F04,500g Raisin Muesli,1621,1621,ST,5.00,8105.00,1280.59,EUR
"{'id': ""http://e05.bi.ucc.cit.tum.de/odata/935/Sales('.1~70')"", 'uri': ""http://e05.bi.ucc.cit.tum.de/odata/935/Sales('.1~70')"", 'type': 'ZCDS_ODATA_SIMULATION_SRV.Sales'}",.1~70,70,JJ,02,09,02/09,6,29,1053,1,02,West,12,JJ-F03,500g Strawberry Muesli,2617,2617,ST,4.50,11776.50,3218.91,EUR
"{'id': ""http://e05.bi.ucc.cit.tum.de/odata/935/Sales('.1~71')"", 'uri': ""http://e05.bi.ucc.cit.tum.de/odata/935/Sales('.1~71')"", 'type': 'ZCDS_ODATA_SIMULATION_SRV.Sales'}",.1~71,71,JJ,02,09,02/09,6,29,1049,1,02,South,12,JJ-F03,500g Strawberry Muesli,2107,2107,ST,4.50,9481.50,2591.61,EUR
"{'id': ""http://e05.bi.ucc.cit.tum.de/odata/935/Sales('.1~72')"", 'uri': ""http://e05.bi.ucc.cit.tum.de/odata/935/Sales('.1~72')"", 'type': 'ZCDS_ODATA_SIMULATION_SRV.Sales'}",.1~72,72,JJ,02,09,02/09,6,29,1049,2,02,South,12,JJ-F05,500g Original Muesli,2059,2059,ST,4.50,9265.50,1606.02,EUR
"{'id': ""http://e05.bi.ucc.cit.tum.de/odata/935/Sales('.1~73')"", 'uri': ""http://e05.bi.ucc.cit.tum.de/odata/935/Sales('.1~73')"", 'type': 'ZCDS_ODATA_SIMULATION_SRV.Sales'}",.1~73,73,JJ,02,09,02/09,6,29,1058,1,02,North,14,JJ-F03,500g Strawberry Muesli,1799,1799,ST,5.00,8995.00,2212.77,EUR
"{'id': ""http://e05.bi.ucc.cit.tum.de/odata/935/Sales('.1~74')"", 'uri': ""http://e05.bi.ucc.cit.tum.de/odata/935/Sales('.1~74')"", 'type': 'ZCDS_ODATA_SIMULATION_SRV.Sales'}",.1~74,74,JJ,02,09,02/09,6,29,1055,1,02,North,14,JJ-F03,500g Strawberry Muesli,1419,1419,ST,5.00,7095.00,1745.37,EUR
"{'id': ""http://e05.bi.ucc.cit.tum.de/odata/935/Sales('.1~75')"", 'uri': ""http://e05.bi.ucc.cit.tum.de/odata/935/Sales('.1~75')"", 'type': 'ZCDS_ODATA_SIMULATION_SRV.Sales'}",.1~75,75,JJ,02,09,02/09,6,29,1067,1,02,South,14,JJ-F04,500g Raisin Muesli,1792,1792,ST,5.00,8960.00,1415.68,EUR
"{'id': ""http://e05.bi.ucc.cit.tum.de/odata/935/Sales('.1~76')"", 'uri': ""http://e05.bi.ucc.cit.tum.de/odata/935/Sales('.1~76')"", 'type': 'ZCDS_ODATA_SIMULATION_SRV.Sales'}",.1~76,76,JJ,02,09,02/09,6,29,1062,1,02,South,14,JJ-F04,500g Raisin Muesli,1523,1523,ST,5.00,7615.00,1203.17,EUR
"{'id': ""http://e05.bi.ucc.cit.tum.de/odata/935/Sales('.1~77')"", 'uri': ""http://e05.bi.ucc.cit.tum.de/odata/935/Sales('.1~77')"", 'type': 'ZCDS_ODATA_SIMULATION_SRV.Sales'}",.1~77,77,JJ,02,09,02/09,6,29,1065,1,02,South,14,JJ-F04,500g Raisin Muesli,1760,1760,ST,5.00,8800.00,1390.40,EUR
"{'id': ""http://e05.bi.ucc.cit.tum.de/odata/935/Sales('.1~78')"", 'uri': ""http://e05.bi.ucc.cit.tum.de/odata/935/Sales('.1~78')"", 'type': 'ZCDS_ODATA_SIMULATION_SRV.Sales'}",.1~78,78,JJ,02,11,02/11,7,31,1122,3,02,West,12,JJ-F03,500g Strawberry Muesli,58,58,ST,4.50,261.00,71.34,EUR
"{'id': ""http://e05.bi.ucc.cit.tum.de/odata/935/Sales('.1~79')"", 'uri': ""http://e05.bi.ucc.cit.tum.de/odata/935/Sales('.1~79')"", 'type': 'ZCDS_ODATA_SIMULATION_SRV.Sales'}",.1~79,79,JJ,02,11,02/11,7,31,1108,1,02,South,12,JJ-F04,500g Raisin Muesli,2542,2542,ST,4.50,11439.00,2008.18,EUR
"{'id': ""http://e05.bi.ucc.cit.tum.de/odata/935/Sales('.1~80')"", 'uri': ""http://e05.bi.ucc.cit.tum.de/odata/935/Sales('.1~80')"", 'type': 'ZCDS_ODATA_SIMULATION_SRV.Sales'}",.1~80,80,JJ,02,11,02/11,7,31,1116,2,02,North,12,JJ-F04,500g Raisin Muesli,2459,2459,ST,4.50,11065.50,1942.61,EUR
"{'id': ""http://e05.bi.ucc.cit.tum.de/odata/935/Sales('.1~81')"", 'uri': ""http://e05.bi.ucc.cit.tum.de/odata/935/Sales('.1~81')"", 'type': 'ZCDS_ODATA_SIMULATION_SRV.Sales'}",.1~81,81,JJ,02,11,02/11,7,31,1108,3,02,South,12,JJ-F05,500g Original Muesli,2174,2174,ST,4.50,9783.00,1695.72,EUR
"{'id': ""http://e05.bi.ucc.cit.tum.de/odata/935/Sales('.1~82')"", 'uri': ""http://e05.bi.ucc.cit.tum.de/odata/935/Sales('.1~82')"", 'type': 'ZCDS_ODATA_SIMULATION_SRV.Sales'}",.1~82,82,JJ,02,11,02/11,7,31,1119,2,02,North,12,JJ-F05,500g Original Muesli,2047,2047,ST,4.50,9211.50,1596.66,EUR
"{'id': ""http://e05.bi.ucc.cit.tum.de/odata/935/Sales('.1~83')"", 'uri': ""http://e05.bi.ucc.cit.tum.de/odata/935/Sales('.1~83')"", 'type': 'ZCDS_ODATA_SIMULATION_SRV.Sales'}",.1~83,83,JJ,02,11,02/11,7,31,1116,1,02,North,12,JJ-F05,500g Original Muesli,2375,2375,ST,4.50,10687.50,1852.50,EUR
"{'id': ""http://e05.bi.ucc.cit.tum.de/odata/935/Sales('.1~84')"", 'uri': ""http://e05.bi.ucc.cit.tum.de/odata/935/Sales('.1~84')"", 'type': 'ZCDS_ODATA_SIMULATION_SRV.Sales'}",.1~84,84,JJ,02,11,02/11,7,31,1122,1,02,West,12,JJ-F06,500g Mixed Fruit Muesli,2537,2537,ST,4.50,11416.50,2866.81,EUR
"{'id': ""http://e05.bi.ucc.cit.tum.de/odata/935/Sales('.1~85')"", 'uri': ""http://e05.bi.ucc.cit.tum.de/odata/935/Sales('.1~85')"", 'type': 'ZCDS_ODATA_SIMULATION_SRV.Sales'}",.1~85,85,JJ,02,11,02/11,7,31,1119,3,02,North,12,JJ-F06,500g Mixed Fruit Muesli,2254,2254,ST,4.50,10143.00,2547.02,EUR
"{'id': ""http://e05.bi.ucc.cit.tum.de/odata/935/Sales('.1~86')"", 'uri': ""http://e05.bi.ucc.cit.tum.de/odata/935/Sales('.1~86')"", 'type': 'ZCDS_ODATA_SIMULATION_SRV.Sales'}",.1~86,86,JJ,02,11,02/11,7,31,1122,2,02,West,12,JJ-F06,500g Mixed Fruit Muesli,2090,2090,ST,4.50,9405.00,2361.70,EUR
"{'id': ""http://e05.bi.ucc.cit.tum.de/odata/935/Sales('.1~87')"", 'uri': ""http://e05.bi.ucc.cit.tum.de/odata/935/Sales('.1~87')"", 'type': 'ZCDS_ODATA_SIMULATION_SRV.Sales'}",.1~87,87,JJ,02,11,02/11,7,31,1119,1,02,North,12,JJ-F06,500g Mixed Fruit Muesli,2601,2601,ST,4.50,11704.50,2939.13,EUR
"{'id': ""http://e05.bi.ucc.cit.tum.de/odata/935/Sales('.1~88')"", 'uri': ""http://e05.bi.ucc.cit.tum.de/odata/935/Sales('.1~88')"", 'type': 'ZCDS_ODATA_SIMULATION_SRV.Sales'}",.1~88,88,JJ,02,11,02/11,7,31,1116,3,02,North,12,JJ-F06,500g Mixed Fruit Muesli,2235,2235,ST,4.50,10057.50,2525.55,EUR
"{'id': ""http://e05.bi.ucc.cit.tum.de/odata/935/Sales('.1~89')"", 'uri': ""http://e05.bi.ucc.cit.tum.de/odata/935/Sales('.1~89')"", 'type': 'ZCDS_ODATA_SIMULATION_SRV.Sales'}",.1~89,89,JJ,02,11,02/11,7,31,1113,1,02,South,12,JJ-F06,500g Mixed Fruit Muesli,2241,2241,ST,4.50,10084.50,2532.33,EUR
"{'id': ""http://e05.bi.ucc.cit.tum.de/odata/935/Sales('.1~90')"", 'uri': ""http://e05.bi.ucc.cit.tum.de/odata/935/Sales('.1~90')"", 'type': 'ZCDS_ODATA_SIMULATION_SRV.Sales'}",.1~90,90,JJ,02,11,02/11,7,31,1108,2,02,South,12,JJ-F06,500g Mixed Fruit Muesli,2025,2025,ST,4.50,9112.50,2288.25,EUR
"{'id': ""http://e05.bi.ucc.cit.tum.de/odata/935/Sales('.1~91')"", 'uri': ""http://e05.bi.ucc.cit.tum.de/odata/935/Sales('.1~91')"", 'type': 'ZCDS_ODATA_SIMULATION_SRV.Sales'}",.1~91,91,JJ,02,11,02/11,7,31,1125,1,02,West,14,JJ-F04,500g Raisin Muesli,1310,1310,ST,5.00,6550.00,1034.90,EUR
"{'id': ""http://e05.bi.ucc.cit.tum.de/odata/935/Sales('.1~92')"", 'uri': ""http://e05.bi.ucc.cit.tum.de/odata/935/Sales('.1~92')"", 'type': 'ZCDS_ODATA_SIMULATION_SRV.Sales'}",.1~92,92,JJ,02,12,02/12,7,32,1140,3,02,North,12,JJ-F05,500g Original Muesli,2211,2211,ST,4.50,9949.50,1724.58,EUR
"{'id': ""http://e05.bi.ucc.cit.tum.de/odata/935/Sales('.1~93')"", 'uri': ""http://e05.bi.ucc.cit.tum.de/odata/935/Sales('.1~93')"", 'type': 'ZCDS_ODATA_SIMULATION_SRV.Sales'}",.1~93,93,JJ,02,12,02/12,7,32,1137,1,02,South,12,JJ-F06,500g Mixed Fruit Muesli,2487,2487,ST,4.50,11191.50,2810.31,EUR
"{'id': ""http://e05.bi.ucc.cit.tum.de/odata/935/Sales('.1~94')"", 'uri': ""http://e05.bi.ucc.cit.tum.de/odata/935/Sales('.1~94')"", 'type': 'ZCDS_ODATA_SIMULATION_SRV.Sales'}",.1~94,94,JJ,02,12,02/12,7,32,1140,4,02,North,12,JJ-F06,500g Mixed Fruit Muesli,2478,2478,ST,4.50,11151.00,2800.14,EUR
"{'id': ""http://e05.bi.ucc.cit.tum.de/odata/935/Sales('.1~95')"", 'uri': ""http://e05.bi.ucc.cit.tum.de/odata/935/Sales('.1~95')"", 'type': 'ZCDS_ODATA_SIMULATION_SRV.Sales'}",.1~95,95,JJ,02,12,02/12,7,32,1143,1,02,North,12,JJ-F06,500g Mixed Fruit Muesli,2592,2592,ST,4.50,11664.00,2928.96,EUR
"{'id': ""http://e05.bi.ucc.cit.tum.de/odata/935/Sales('.1~96')"", 'uri': ""http://e05.bi.ucc.cit.tum.de/odata/935/Sales('.1~96')"", 'type': 'ZCDS_ODATA_SIMULATION_SRV.Sales'}",.1~96,96,JJ,02,12,02/12,7,32,1140,2,02,North,12,JJ-F06,500g Mixed Fruit Muesli,2135,2135,ST,4.50,9607.50,2412.55,EUR
"{'id': ""http://e05.bi.ucc.cit.tum.de/odata/935/Sales('.1~97')"", 'uri': ""http://e05.bi.ucc.cit.tum.de/odata/935/Sales('.1~97')"", 'type': 'ZCDS_ODATA_SIMULATION_SRV.Sales'}",.1~97,97,JJ,02,12,02/12,7,32,1140,1,02,North,12,JJ-F06,500g Mixed Fruit Muesli,2142,2142,ST,4.50,9639.00,2420.46,EUR
"{'id': ""http://e05.bi.ucc.cit.tum.de/odata/935/Sales('.1~98')"", 'uri': ""http://e05.bi.ucc.cit.tum.de/odata/935/Sales('.1~98')"", 'type': 'ZCDS_ODATA_SIMULATION_SRV.Sales'}",.1~98,98,JJ,02,12,02/12,7,32,1156,1,02,South,14,JJ-F06,500g Mixed Fruit Muesli,1664,1664,ST,5.00,8320.00,1880.32,EUR
"{'id': ""http://e05.bi.ucc.cit.tum.de/odata/935/Sales('.1~99')"", 'uri': ""http://e05.bi.ucc.cit.tum.de/odata/935/Sales('.1~99')"", 'type': 'ZCDS_ODATA_SIMULATION_SRV.Sales'}",.1~99,99,JJ,02,12,02/12,7,32,1153,1,02,South,14,JJ-F06,500g Mixed Fruit Muesli,1717,1717,ST,5.00,8585.00,1940.21,EUR
"{'id': ""http://e05.bi.ucc.cit.tum.de/odata/935/Sales('.1~100')"", 'uri': ""http://e05.bi.ucc.cit.tum.de/odata/935/Sales('.1~100')"", 'type': 'ZCDS_ODATA_SIMULATION_SRV.Sales'}",.1~100,100,JJ,02,12,02/12,7,32,1151,1,02,West,14,JJ-F06,500g Mixed Fruit Muesli,1610,1610,ST,5.00,8050.00,1819.30,EUR
"{'id': ""http://e05.bi.ucc.cit.tum.de/odata/935/Sales('.1~101')"", 'uri': ""http://e05.bi.ucc.cit.tum.de/odata/935/Sales('.1~101')"", 'type': 'ZCDS_ODATA_SIMULATION_SRV.Sales'}",.1~101,101,JJ,02,12,02/12,7,32,1149,1,02,North,14,JJ-F06,500g Mixed Fruit Muesli,1374,1374,ST,5.00,6870.00,1552.62,EUR
"{'id': ""http://e05.bi.ucc.cit.tum.de/odata/935/Sales('.1~102')"", 'uri': ""http://e05.bi.ucc.cit.tum.de/odata/935/Sales('.1~102')"", 'type': 'ZCDS_ODATA_SIMULATION_SRV.Sales'}",.1~102,102,JJ,02,12,02/12,7,32,1146,1,02,North,14,JJ-F06,500g Mixed Fruit Muesli,1518,1518,ST,5.00,7590.00,1715.34,EUR
"{'id': ""http://e05.bi.ucc.cit.tum.de/odata/935/Sales('.1~103')"", 'uri': ""http://e05.bi.ucc.cit.tum.de/odata/935/Sales('.1~103')"", 'type': 'ZCDS_ODATA_SIMULATION_SRV.Sales'}",.1~103,103,JJ,02,13,02/13,7,33,1176,2,02,North,10,JJ-F11,1kg Nut Muesli,1291,1291,ST,7.00,9037.00,2091.42,EUR
"{'id': ""http://e05.bi.ucc.cit.tum.de/odata/935/Sales('.1~104')"", 'uri': ""http://e05.bi.ucc.cit.tum.de/odata/935/Sales('.1~104')"", 'type': 'ZCDS_ODATA_SIMULATION_SRV.Sales'}",.1~104,104,JJ,02,13,02/13,7,33,1176,1,02,North,10,JJ-F11,1kg Nut Muesli,1567,1567,ST,7.00,10969.00,2538.54,EUR
"{'id': ""http://e05.bi.ucc.cit.tum.de/odata/935/Sales('.1~105')"", 'uri': ""http://e05.bi.ucc.cit.tum.de/odata/935/Sales('.1~105')"", 'type': 'ZCDS_ODATA_SIMULATION_SRV.Sales'}",.1~105,105,JJ,02,13,02/13,7,33,1173,2,02,West,10,JJ-F11,1kg Nut Muesli,1530,1530,ST,7.00,10710.00,2478.60,EUR
"{'id': ""http://e05.bi.ucc.cit.tum.de/odata/935/Sales('.1~106')"", 'uri': ""http://e05.bi.ucc.cit.tum.de/odata/935/Sales('.1~106')"", 'type': 'ZCDS_ODATA_SIMULATION_SRV.Sales'}",.1~106,106,JJ,02,13,02/13,7,33,1173,1,02,West,10,JJ-F11,1kg Nut Muesli,1583,1583,ST,7.00,11081.00,2564.46,EUR
"{'id': ""http://e05.bi.ucc.cit.tum.de/odata/935/Sales('.1~107')"", 'uri': ""http://e05.bi.ucc.cit.tum.de/odata/935/Sales('.1~107')"", 'type': 'ZCDS_ODATA_SIMULATION_SRV.Sales'}",.1~107,107,JJ,02,13,02/13,7,33,1165,1,02,South,12,JJ-F06,500g Mixed Fruit Muesli,2238,2238,ST,4.50,10071.00,2528.94,EUR
"{'id': ""http://e05.bi.ucc.cit.tum.de/odata/935/Sales('.1~108')"", 'uri': ""http://e05.bi.ucc.cit.tum.de/odata/935/Sales('.1~108')"", 'type': 'ZCDS_ODATA_SIMULATION_SRV.Sales'}",.1~108,108,JJ,02,13,02/13,7,33,1169,2,02,North,12,JJ-F06,500g Mixed Fruit Muesli,2062,2062,ST,4.50,9279.00,2330.06,EUR
"{'id': ""http://e05.bi.ucc.cit.tum.de/odata/935/Sales('.1~109')"", 'uri': ""http://e05.bi.ucc.cit.tum.de/odata/935/Sales('.1~109')"", 'type': 'ZCDS_ODATA_SIMULATION_SRV.Sales'}",.1~109,109,JJ,02,13,02/13,7,33,1165,2,02,South,12,JJ-F11,1kg Nut Muesli,1191,1191,ST,8.00,9528.00,1929.42,EUR
"{'id': ""http://e05.bi.ucc.cit.tum.de/odata/935/Sales('.1~110')"", 'uri': ""http://e05.bi.ucc.cit.tum.de/odata/935/Sales('.1~110')"", 'type': 'ZCDS_ODATA_SIMULATION_SRV.Sales'}",.1~110,110,JJ,02,13,02/13,7,33,1169,3,02,North,12,JJ-F11,1kg Nut Muesli,1234,1234,ST,8.00,9872.00,1999.08,EUR
"{'id': ""http://e05.bi.ucc.cit.tum.de/odata/935/Sales('.1~111')"", 'uri': ""http://e05.bi.ucc.cit.tum.de/odata/935/Sales('.1~111')"", 'type': 'ZCDS_ODATA_SIMULATION_SRV.Sales'}",.1~111,111,JJ,02,13,02/13,7,33,1169,1,02,North,12,JJ-F11,1kg Nut Muesli,1470,1470,ST,8.00,11760.00,2381.40,EUR
"{'id': ""http://e05.bi.ucc.cit.tum.de/odata/935/Sales('.1~112')"", 'uri': ""http://e05.bi.ucc.cit.tum.de/odata/935/Sales('.1~112')"", 'type': 'ZCDS_ODATA_SIMULATION_SRV.Sales'}",.1~112,112,JJ,02,14,02/14,7,34,1196,3,02,North,12,JJ-F05,500g Original Muesli,2065,2065,ST,4.50,9292.50,1610.70,EUR
"{'id': ""http://e05.bi.ucc.cit.tum.de/odata/935/Sales('.1~113')"", 'uri': ""http://e05.bi.ucc.cit.tum.de/odata/935/Sales('.1~113')"", 'type': 'ZCDS_ODATA_SIMULATION_SRV.Sales'}",.1~113,113,JJ,02,14,02/14,7,34,1196,1,02,North,12,JJ-F11,1kg Nut Muesli,1199,1199,ST,8.00,9592.00,1942.38,EUR
"{'id': ""http://e05.bi.ucc.cit.tum.de/odata/935/Sales('.1~114')"", 'uri': ""http://e05.bi.ucc.cit.tum.de/odata/935/Sales('.1~114')"", 'type': 'ZCDS_ODATA_SIMULATION_SRV.Sales'}",.1~114,114,JJ,02,14,02/14,7,34,1196,2,02,North,12,JJ-F11,1kg Nut Muesli,1406,1406,ST,8.00,11248.00,2277.72,EUR
"{'id': ""http://e05.bi.ucc.cit.tum.de/odata/935/Sales('.1~115')"", 'uri': ""http://e05.bi.ucc.cit.tum.de/odata/935/Sales('.1~115')"", 'type': 'ZCDS_ODATA_SIMULATION_SRV.Sales'}",.1~115,115,JJ,02,14,02/14,7,34,1200,1,02,West,12,JJ-F11,1kg Nut Muesli,1418,1418,ST,8.00,11344.00,2297.16,EUR
"{'id': ""http://e05.bi.ucc.cit.tum.de/odata/935/Sales('.1~116')"", 'uri': ""http://e05.bi.ucc.cit.tum.de/odata/935/Sales('.1~116')"", 'type': 'ZCDS_ODATA_SIMULATION_SRV.Sales'}",.1~116,116,JJ,02,14,02/14,7,34,1200,2,02,West,12,JJ-F11,1kg Nut Muesli,1373,1373,ST,8.00,10984.00,2224.26,EUR
"{'id': ""http://e05.bi.ucc.cit.tum.de/odata/935/Sales('.1~117')"", 'uri': ""http://e05.bi.ucc.cit.tum.de/odata/935/Sales('.1~117')"", 'type': 'ZCDS_ODATA_SIMULATION_SRV.Sales'}",.1~117,117,JJ,02,15,02/15,7,35,1225,2,02,South,10,JJ-F11,1kg Nut Muesli,1687,1687,ST,7.00,11809.00,2732.94,EUR
"{'id': ""http://e05.bi.ucc.cit.tum.de/odata/935/Sales('.1~118')"", 'uri': ""http://e05.bi.ucc.cit.tum.de/odata/935/Sales('.1~118')"", 'type': 'ZCDS_ODATA_SIMULATION_SRV.Sales'}",.1~118,118,JJ,02,15,02/15,7,35,1225,1,02,South,10,JJ-F11,1kg Nut Muesli,1590,1590,ST,7.00,11130.00,2575.80,EUR
"{'id': ""http://e05.bi.ucc.cit.tum.de/odata/935/Sales('.1~119')"", 'uri': ""http://e05.bi.ucc.cit.tum.de/odata/935/Sales('.1~119')"", 'type': 'ZCDS_ODATA_SIMULATION_SRV.Sales'}",.1~119,119,JJ,02,15,02/15,7,35,1245,3,02,North,10,JJ-F11,1kg Nut Muesli,1286,1286,ST,7.00,9002.00,2083.32,EUR
"{'id': ""http://e05.bi.ucc.cit.tum.de/odata/935/Sales('.1~120')"", 'uri': ""http://e05.bi.ucc.cit.tum.de/odata/935/Sales('.1~120')"", 'type': 'ZCDS_ODATA_SIMULATION_SRV.Sales'}",.1~120,120,JJ,02,15,02/15,7,35,1242,3,02,West,10,JJ-F11,1kg Nut Muesli,1432,1432,ST,7.00,10024.00,2319.84,EUR
"{'id': ""http://e05.bi.ucc.cit.tum.de/odata/935/Sales('.1~121')"", 'uri': ""http://e05.bi.ucc.cit.tum.de/odata/935/Sales('.1~121')"", 'type': 'ZCDS_ODATA_SIMULATION_SRV.Sales'}",.1~121,121,JJ,02,15,02/15,7,35,1225,3,02,South,10,JJ-F13,1kg Strawberry Muesli,1540,1540,ST,7.00,10780.00,3511.20,EUR
"{'id': ""http://e05.bi.ucc.cit.tum.de/odata/935/Sales('.1~122')"", 'uri': ""http://e05.bi.ucc.cit.tum.de/odata/935/Sales('.1~122')"", 'type': 'ZCDS_ODATA_SIMULATION_SRV.Sales'}",.1~122,122,JJ,02,15,02/15,7,35,1245,1,02,North,10,JJ-F13,1kg Strawberry Muesli,1690,1690,ST,7.00,11830.00,3853.20,EUR
"{'id': ""http://e05.bi.ucc.cit.tum.de/odata/935/Sales('.1~123')"", 'uri': ""http://e05.bi.ucc.cit.tum.de/odata/935/Sales('.1~123')"", 'type': 'ZCDS_ODATA_SIMULATION_SRV.Sales'}",.1~123,123,JJ,02,15,02/15,7,35,1245,2,02,North,10,JJ-F13,1kg Strawberry Muesli,1438,1438,ST,7.00,10066.00,3278.64,EUR
"{'id': ""http://e05.bi.ucc.cit.tum.de/odata/935/Sales('.1~124')"", 'uri': ""http://e05.bi.ucc.cit.tum.de/odata/935/Sales('.1~124')"", 'type': 'ZCDS_ODATA_SIMULATION_SRV.Sales'}",.1~124,124,JJ,02,15,02/15,7,35,1242,1,02,West,10,JJ-F13,1kg Strawberry Muesli,1388,1388,ST,7.00,9716.00,3164.64,EUR
"{'id': ""http://e05.bi.ucc.cit.tum.de/odata/935/Sales('.1~125')"", 'uri': ""http://e05.bi.ucc.cit.tum.de/odata/935/Sales('.1~125')"", 'type': 'ZCDS_ODATA_SIMULATION_SRV.Sales'}",.1~125,125,JJ,02,15,02/15,7,35,1242,2,02,West,10,JJ-F13,1kg Strawberry Muesli,1380,1380,ST,7.00,9660.00,3146.40,EUR
"{'id': ""http://e05.bi.ucc.cit.tum.de/odata/935/Sales('.1~126')"", 'uri': ""http://e05.bi.ucc.cit.tum.de/odata/935/Sales('.1~126')"", 'type': 'ZCDS_ODATA_SIMULATION_SRV.Sales'}",.1~126,126,JJ,02,15,02/15,7,35,1230,2,02,South,12,JJ-F05,500g Original Muesli,3341,3341,ST,3.50,11693.50,2605.98,EUR
"{'id': ""http://e05.bi.ucc.cit.tum.de/odata/935/Sales('.1~127')"", 'uri': ""http://e05.bi.ucc.cit.tum.de/odata/935/Sales('.1~127')"", 'type': 'ZCDS_ODATA_SIMULATION_SRV.Sales'}",.1~127,127,JJ,02,15,02/15,7,35,1238,3,02,West,12,JJ-F05,500g Original Muesli,3369,3369,ST,3.50,11791.50,2627.82,EUR
"{'id': ""http://e05.bi.ucc.cit.tum.de/odata/935/Sales('.1~128')"", 'uri': ""http://e05.bi.ucc.cit.tum.de/odata/935/Sales('.1~128')"", 'type': 'ZCDS_ODATA_SIMULATION_SRV.Sales'}",.1~128,128,JJ,02,15,02/15,7,35,1238,2,02,West,12,JJ-F05,500g Original Muesli,3372,3372,ST,3.50,11802.00,2630.16,EUR
"{'id': ""http://e05.bi.ucc.cit.tum.de/odata/935/Sales('.1~129')"", 'uri': ""http://e05.bi.ucc.cit.tum.de/odata/935/Sales('.1~129')"", 'type': 'ZCDS_ODATA_SIMULATION_SRV.Sales'}",.1~129,129,JJ,02,15,02/15,7,35,1238,1,02,West,12,JJ-F05,500g Original Muesli,2852,2852,ST,3.50,9982.00,2224.56,EUR
"{'id': ""http://e05.bi.ucc.cit.tum.de/odata/935/Sales('.1~130')"", 'uri': ""http://e05.bi.ucc.cit.tum.de/odata/935/Sales('.1~130')"", 'type': 'ZCDS_ODATA_SIMULATION_SRV.Sales'}",.1~130,130,JJ,02,15,02/15,7,35,1240,1,02,West,12,JJ-F05,500g Original Muesli,2645,2645,ST,3.50,9257.50,2063.10,EUR
"{'id': ""http://e05.bi.ucc.cit.tum.de/odata/935/Sales('.1~131')"", 'uri': ""http://e05.bi.ucc.cit.tum.de/odata/935/Sales('.1~131')"", 'type': 'ZCDS_ODATA_SIMULATION_SRV.Sales'}",.1~131,131,JJ,02,15,02/15,7,35,1240,4,02,West,12,JJ-F05,500g Original Muesli,3197,3197,ST,3.50,11189.50,2493.66,EUR
"{'id': ""http://e05.bi.ucc.cit.tum.de/odata/935/Sales('.1~132')"", 'uri': ""http://e05.bi.ucc.cit.tum.de/odata/935/Sales('.1~132')"", 'type': 'ZCDS_ODATA_SIMULATION_SRV.Sales'}",.1~132,132,JJ,02,15,02/15,7,35,1233,2,02,North,12,JJ-F11,1kg Nut Muesli,1306,1306,ST,8.00,10448.00,2115.72,EUR
"{'id': ""http://e05.bi.ucc.cit.tum.de/odata/935/Sales('.1~133')"", 'uri': ""http://e05.bi.ucc.cit.tum.de/odata/935/Sales('.1~133')"", 'type': 'ZCDS_ODATA_SIMULATION_SRV.Sales'}",.1~133,133,JJ,02,15,02/15,7,35,1230,4,02,South,12,JJ-F11,1kg Nut Muesli,1363,1363,ST,8.00,10904.00,2208.06,EUR
"{'id': ""http://e05.bi.ucc.cit.tum.de/odata/935/Sales('.1~134')"", 'uri': ""http://e05.bi.ucc.cit.tum.de/odata/935/Sales('.1~134')"", 'type': 'ZCDS_ODATA_SIMULATION_SRV.Sales'}",.1~134,134,JJ,02,15,02/15,7,35,1230,3,02,South,12,JJ-F11,1kg Nut Muesli,1443,1443,ST,8.00,11544.00,2337.66,EUR
"{'id': ""http://e05.bi.ucc.cit.tum.de/odata/935/Sales('.1~135')"", 'uri': ""http://e05.bi.ucc.cit.tum.de/odata/935/Sales('.1~135')"", 'type': 'ZCDS_ODATA_SIMULATION_SRV.Sales'}",.1~135,135,JJ,02,15,02/15,7,35,1230,1,02,South,12,JJ-F11,1kg Nut Muesli,1281,1281,ST,8.00,10248.00,2075.22,EUR
"{'id': ""http://e05.bi.ucc.cit.tum.de/odata/935/Sales('.1~136')"", 'uri': ""http://e05.bi.ucc.cit.tum.de/odata/935/Sales('.1~136')"", 'type': 'ZCDS_ODATA_SIMULATION_SRV.Sales'}",.1~136,136,JJ,02,15,02/15,7,35,1233,3,02,North,12,JJ-F11,1kg Nut Muesli,1455,1455,ST,8.00,11640.00,2357.10,EUR
"{'id': ""http://e05.bi.ucc.cit.tum.de/odata/935/Sales('.1~137')"", 'uri': ""http://e05.bi.ucc.cit.tum.de/odata/935/Sales('.1~137')"", 'type': 'ZCDS_ODATA_SIMULATION_SRV.Sales'}",.1~137,137,JJ,02,15,02/15,7,35,1238,4,02,West,12,JJ-F11,1kg Nut Muesli,1232,1232,ST,8.00,9856.00,1995.84,EUR
"{'id': ""http://e05.bi.ucc.cit.tum.de/odata/935/Sales('.1~138')"", 'uri': ""http://e05.bi.ucc.cit.tum.de/odata/935/Sales('.1~138')"", 'type': 'ZCDS_ODATA_SIMULATION_SRV.Sales'}",.1~138,138,JJ,02,15,02/15,7,35,1240,3,02,West,12,JJ-F11,1kg Nut Muesli,1170,1170,ST,8.00,9360.00,1895.40,EUR
"{'id': ""http://e05.bi.ucc.cit.tum.de/odata/935/Sales('.1~139')"", 'uri': ""http://e05.bi.ucc.cit.tum.de/odata/935/Sales('.1~139')"", 'type': 'ZCDS_ODATA_SIMULATION_SRV.Sales'}",.1~139,139,JJ,02,15,02/15,7,35,1240,2,02,West,12,JJ-F11,1kg Nut Muesli,1138,1138,ST,8.00,9104.00,1843.56,EUR
"{'id': ""http://e05.bi.ucc.cit.tum.de/odata/935/Sales('.1~140')"", 'uri': ""http://e05.bi.ucc.cit.tum.de/odata/935/Sales('.1~140')"", 'type': 'ZCDS_ODATA_SIMULATION_SRV.Sales'}",.1~140,140,JJ,02,15,02/15,7,35,1233,4,02,North,12,JJ-F13,1kg Strawberry Muesli,1319,1319,ST,8.00,10552.00,3007.32,EUR
"{'id': ""http://e05.bi.ucc.cit.tum.de/odata/935/Sales('.1~141')"", 'uri': ""http://e05.bi.ucc.cit.tum.de/odata/935/Sales('.1~141')"", 'type': 'ZCDS_ODATA_SIMULATION_SRV.Sales'}",.1~141,141,JJ,02,15,02/15,7,35,1233,1,02,North,12,JJ-F13,1kg Strawberry Muesli,1349,1349,ST,8.00,10792.00,3075.72,EUR
"{'id': ""http://e05.bi.ucc.cit.tum.de/odata/935/Sales('.1~142')"", 'uri': ""http://e05.bi.ucc.cit.tum.de/odata/935/Sales('.1~142')"", 'type': 'ZCDS_ODATA_SIMULATION_SRV.Sales'}",.1~142,142,JJ,02,16,02/16,8,36,1277,3,02,West,10,JJ-F11,1kg Nut Muesli,1489,1489,ST,7.00,10423.00,2412.18,EUR
"{'id': ""http://e05.bi.ucc.cit.tum.de/odata/935/Sales('.1~143')"", 'uri': ""http://e05.bi.ucc.cit.tum.de/odata/935/Sales('.1~143')"", 'type': 'ZCDS_ODATA_SIMULATION_SRV.Sales'}",.1~143,143,JJ,02,16,02/16,8,36,1257,3,02,South,10,JJ-F12,1kg Blueberry Muesli,1496,1496,ST,7.00,10472.00,3395.92,EUR
"{'id': ""http://e05.bi.ucc.cit.tum.de/odata/935/Sales('.1~144')"", 'uri': ""http://e05.bi.ucc.cit.tum.de/odata/935/Sales('.1~144')"", 'type': 'ZCDS_ODATA_SIMULATION_SRV.Sales'}",.1~144,144,JJ,02,16,02/16,8,36,1277,2,02,West,10,JJ-F13,1kg Strawberry Muesli,1680,1680,ST,7.00,11760.00,3830.40,EUR
"{'id': ""http://e05.bi.ucc.cit.tum.de/odata/935/Sales('.1~145')"", 'uri': ""http://e05.bi.ucc.cit.tum.de/odata/935/Sales('.1~145')"", 'type': 'ZCDS_ODATA_SIMULATION_SRV.Sales'}",.1~145,145,JJ,02,16,02/16,8,36,1279,3,02,North,10,JJ-F13,1kg Strawberry Muesli,1525,1525,ST,7.00,10675.00,3477.00,EUR
"{'id': ""http://e05.bi.ucc.cit.tum.de/odata/935/Sales('.1~146')"", 'uri': ""http://e05.bi.ucc.cit.tum.de/odata/935/Sales('.1~146')"", 'type': 'ZCDS_ODATA_SIMULATION_SRV.Sales'}",.1~146,146,JJ,02,16,02/16,8,36,1279,2,02,North,10,JJ-F13,1kg Strawberry Muesli,1393,1393,ST,7.00,9751.00,3176.04,EUR
"{'id': ""http://e05.bi.ucc.cit.tum.de/odata/935/Sales('.1~147')"", 'uri': ""http://e05.bi.ucc.cit.tum.de/odata/935/Sales('.1~147')"", 'type': 'ZCDS_ODATA_SIMULATION_SRV.Sales'}",.1~147,147,JJ,02,16,02/16,8,36,1279,1,02,North,10,JJ-F13,1kg Strawberry Muesli,1316,1316,ST,7.00,9212.00,3000.48,EUR
"{'id': ""http://e05.bi.ucc.cit.tum.de/odata/935/Sales('.1~148')"", 'uri': ""http://e05.bi.ucc.cit.tum.de/odata/935/Sales('.1~148')"", 'type': 'ZCDS_ODATA_SIMULATION_SRV.Sales'}",.1~148,148,JJ,02,16,02/16,8,36,1277,1,02,West,10,JJ-F13,1kg Strawberry Muesli,1483,1483,ST,7.00,10381.00,3381.24,EUR
"{'id': ""http://e05.bi.ucc.cit.tum.de/odata/935/Sales('.1~149')"", 'uri': ""http://e05.bi.ucc.cit.tum.de/odata/935/Sales('.1~149')"", 'type': 'ZCDS_ODATA_SIMULATION_SRV.Sales'}",.1~149,149,JJ,02,16,02/16,8,36,1257,2,02,South,10,JJ-F13,1kg Strawberry Muesli,1699,1699,ST,7.00,11893.00,3873.72,EUR
"{'id': ""http://e05.bi.ucc.cit.tum.de/odata/935/Sales('.1~150')"", 'uri': ""http://e05.bi.ucc.cit.tum.de/odata/935/Sales('.1~150')"", 'type': 'ZCDS_ODATA_SIMULATION_SRV.Sales'}",.1~150,150,JJ,02,16,02/16,8,36,1257,1,02,South,10,JJ-F13,1kg Strawberry Muesli,1337,1337,ST,7.00,9359.00,3048.36,EUR
"{'id': ""http://e05.bi.ucc.cit.tum.de/odata/935/Sales('.1~151')"", 'uri': ""http://e05.bi.ucc.cit.tum.de/odata/935/Sales('.1~151')"", 'type': 'ZCDS_ODATA_SIMULATION_SRV.Sales'}",.1~151,151,JJ,02,16,02/16,8,36,1268,3,02,South,12,JJ-F05,500g Original Muesli,2229,2229,ST,3.50,7801.50,1738.62,EUR
"{'id': ""http://e05.bi.ucc.cit.tum.de/odata/935/Sales('.1~152')"", 'uri': ""http://e05.bi.ucc.cit.tum.de/odata/935/Sales('.1~152')"", 'type': 'ZCDS_ODATA_SIMULATION_SRV.Sales'}",.1~152,152,JJ,02,16,02/16,8,36,1261,2,02,South,12,JJ-F05,500g Original Muesli,2766,2766,ST,3.50,9681.00,2157.48,EUR
"{'id': ""http://e05.bi.ucc.cit.tum.de/odata/935/Sales('.1~153')"", 'uri': ""http://e05.bi.ucc.cit.tum.de/odata/935/Sales('.1~153')"", 'type': 'ZCDS_ODATA_SIMULATION_SRV.Sales'}",.1~153,153,JJ,02,16,02/16,8,36,1261,4,02,South,12,JJ-F05,500g Original Muesli,3298,3298,ST,3.50,11543.00,2572.44,EUR
"{'id': ""http://e05.bi.ucc.cit.tum.de/odata/935/Sales('.1~154')"", 'uri': ""http://e05.bi.ucc.cit.tum.de/odata/935/Sales('.1~154')"", 'type': 'ZCDS_ODATA_SIMULATION_SRV.Sales'}",.1~154,154,JJ,02,16,02/16,8,36,1268,1,02,South,12,JJ-F11,1kg Nut Muesli,1456,1456,ST,8.00,11648.00,2358.72,EUR
"{'id': ""http://e05.bi.ucc.cit.tum.de/odata/935/Sales('.1~155')"", 'uri': ""http://e05.bi.ucc.cit.tum.de/odata/935/Sales('.1~155')"", 'type': 'ZCDS_ODATA_SIMULATION_SRV.Sales'}",.1~155,155,JJ,02,16,02/16,8,36,1271,1,02,North,12,JJ-F11,1kg Nut Muesli,1439,1439,ST,8.00,11512.00,2331.18,EUR
"{'id': ""http://e05.bi.ucc.cit.tum.de/odata/935/Sales('.1~156')"", 'uri': ""http://e05.bi.ucc.cit.tum.de/odata/935/Sales('.1~156')"", 'type': 'ZCDS_ODATA_SIMULATION_SRV.Sales'}",.1~156,156,JJ,02,16,02/16,8,36,1275,3,02,West,12,JJ-F11,1kg Nut Muesli,1274,1274,ST,8.00,10192.00,2063.88,EUR
"{'id': ""http://e05.bi.ucc.cit.tum.de/odata/935/Sales('.1~157')"", 'uri': ""http://e05.bi.ucc.cit.tum.de/odata/935/Sales('.1~157')"", 'type': 'ZCDS_ODATA_SIMULATION_SRV.Sales'}",.1~157,157,JJ,02,16,02/16,8,36,1261,3,02,South,12,JJ-F11,1kg Nut Muesli,1246,1246,ST,8.00,9968.00,2018.52,EUR
"{'id': ""http://e05.bi.ucc.cit.tum.de/odata/935/Sales('.1~158')"", 'uri': ""http://e05.bi.ucc.cit.tum.de/odata/935/Sales('.1~158')"", 'type': 'ZCDS_ODATA_SIMULATION_SRV.Sales'}",.1~158,158,JJ,02,16,02/16,8,36,1275,1,02,West,12,JJ-F11,1kg Nut Muesli,1451,1451,ST,8.00,11608.00,2350.62,EUR
"{'id': ""http://e05.bi.ucc.cit.tum.de/odata/935/Sales('.1~159')"", 'uri': ""http://e05.bi.ucc.cit.tum.de/odata/935/Sales('.1~159')"", 'type': 'ZCDS_ODATA_SIMULATION_SRV.Sales'}",.1~159,159,JJ,02,16,02/16,8,36,1264,1,02,South,12,JJ-F12,1kg Blueberry Muesli,1080,1080,ST,8.00,8640.00,2451.60,EUR
"{'id': ""http://e05.bi.ucc.cit.tum.de/odata/935/Sales('.1~160')"", 'uri': ""http://e05.bi.ucc.cit.tum.de/odata/935/Sales('.1~160')"", 'type': 'ZCDS_ODATA_SIMULATION_SRV.Sales'}",.1~160,160,JJ,02,16,02/16,8,36,1261,1,02,South,12,JJ-F12,1kg Blueberry Muesli,1424,1424,ST,8.00,11392.00,3232.48,EUR
"{'id': ""http://e05.bi.ucc.cit.tum.de/odata/935/Sales('.1~161')"", 'uri': ""http://e05.bi.ucc.cit.tum.de/odata/935/Sales('.1~161')"", 'type': 'ZCDS_ODATA_SIMULATION_SRV.Sales'}",.1~161,161,JJ,02,16,02/16,8,36,1275,2,02,West,12,JJ-F13,1kg Strawberry Muesli,1338,1338,ST,8.00,10704.00,3050.64,EUR
"{'id': ""http://e05.bi.ucc.cit.tum.de/odata/935/Sales('.1~162')"", 'uri': ""http://e05.bi.ucc.cit.tum.de/odata/935/Sales('.1~162')"", 'type': 'ZCDS_ODATA_SIMULATION_SRV.Sales'}",.1~162,162,JJ,02,16,02/16,8,36,1268,2,02,South,12,JJ-F13,1kg Strawberry Muesli,1322,1322,ST,8.00,10576.00,3014.16,EUR
"{'id': ""http://e05.bi.ucc.cit.tum.de/odata/935/Sales('.1~163')"", 'uri': ""http://e05.bi.ucc.cit.tum.de/odata/935/Sales('.1~163')"", 'type': 'ZCDS_ODATA_SIMULATION_SRV.Sales'}",.1~163,163,JJ,02,16,02/16,8,36,1271,2,02,North,12,JJ-F13,1kg Strawberry Muesli,1295,1295,ST,8.00,10360.00,2952.60,EUR
"{'id': ""http://e05.bi.ucc.cit.tum.de/odata/935/Sales('.1~164')"", 'uri': ""http://e05.bi.ucc.cit.tum.de/odata/935/Sales('.1~164')"", 'type': 'ZCDS_ODATA_SIMULATION_SRV.Sales'}",.1~164,164,JJ,02,17,02/17,8,37,1309,3,02,North,10,JJ-F12,1kg Blueberry Muesli,1454,1454,ST,7.00,10178.00,3300.58,EUR
"{'id': ""http://e05.bi.ucc.cit.tum.de/odata/935/Sales('.1~165')"", 'uri': ""http://e05.bi.ucc.cit.tum.de/odata/935/Sales('.1~165')"", 'type': 'ZCDS_ODATA_SIMULATION_SRV.Sales'}",.1~165,165,JJ,02,17,02/17,8,37,1309,1,02,North,10,JJ-F12,1kg Blueberry Muesli,1389,1389,ST,7.00,9723.00,3153.03,EUR
"{'id': ""http://e05.bi.ucc.cit.tum.de/odata/935/Sales('.1~166')"", 'uri': ""http://e05.bi.ucc.cit.tum.de/odata/935/Sales('.1~166')"", 'type': 'ZCDS_ODATA_SIMULATION_SRV.Sales'}",.1~166,166,JJ,02,17,02/17,8,37,1287,3,02,South,10,JJ-F12,1kg Blueberry Muesli,1432,1432,ST,7.00,10024.00,3250.64,EUR
"{'id': ""http://e05.bi.ucc.cit.tum.de/odata/935/Sales('.1~167')"", 'uri': ""http://e05.bi.ucc.cit.tum.de/odata/935/Sales('.1~167')"", 'type': 'ZCDS_ODATA_SIMULATION_SRV.Sales'}",.1~167,167,JJ,02,17,02/17,8,37,1287,1,02,South,10,JJ-F12,1kg Blueberry Muesli,1460,1460,ST,7.00,10220.00,3314.20,EUR
"{'id': ""http://e05.bi.ucc.cit.tum.de/odata/935/Sales('.1~168')"", 'uri': ""http://e05.bi.ucc.cit.tum.de/odata/935/Sales('.1~168')"", 'type': 'ZCDS_ODATA_SIMULATION_SRV.Sales'}",.1~168,168,JJ,02,17,02/17,8,37,1287,2,02,South,10,JJ-F13,1kg Strawberry Muesli,1319,1319,ST,7.00,9233.00,3007.32,EUR
"{'id': ""http://e05.bi.ucc.cit.tum.de/odata/935/Sales('.1~169')"", 'uri': ""http://e05.bi.ucc.cit.tum.de/odata/935/Sales('.1~169')"", 'type': 'ZCDS_ODATA_SIMULATION_SRV.Sales'}",.1~169,169,JJ,02,17,02/17,8,37,1309,2,02,North,10,JJ-F13,1kg Strawberry Muesli,1472,1472,ST,7.00,10304.00,3356.16,EUR
"{'id': ""http://e05.bi.ucc.cit.tum.de/odata/935/Sales('.1~170')"", 'uri': ""http://e05.bi.ucc.cit.tum.de/odata/935/Sales('.1~170')"", 'type': 'ZCDS_ODATA_SIMULATION_SRV.Sales'}",.1~170,170,JJ,02,17,02/17,8,37,1294,1,02,South,12,JJ-F12,1kg Blueberry Muesli,1358,1358,ST,8.00,10864.00,3082.66,EUR
"{'id': ""http://e05.bi.ucc.cit.tum.de/odata/935/Sales('.1~171')"", 'uri': ""http://e05.bi.ucc.cit.tum.de/odata/935/Sales('.1~171')"", 'type': 'ZCDS_ODATA_SIMULATION_SRV.Sales'}",.1~171,171,JJ,02,17,02/17,8,37,1291,3,02,South,12,JJ-F12,1kg Blueberry Muesli,1300,1300,ST,8.00,10400.00,2951.00,EUR
"{'id': ""http://e05.bi.ucc.cit.tum.de/odata/935/Sales('.1~172')"", 'uri': ""http://e05.bi.ucc.cit.tum.de/odata/935/Sales('.1~172')"", 'type': 'ZCDS_ODATA_SIMULATION_SRV.Sales'}",.1~172,172,JJ,02,17,02/17,8,37,1296,1,02,North,12,JJ-F12,1kg Blueberry Muesli,1161,1161,ST,8.00,9288.00,2635.47,EUR
"{'id': ""http://e05.bi.ucc.cit.tum.de/odata/935/Sales('.1~173')"", 'uri': ""http://e05.bi.ucc.cit.tum.de/odata/935/Sales('.1~173')"", 'type': 'ZCDS_ODATA_SIMULATION_SRV.Sales'}",.1~173,173,JJ,02,17,02/17,8,37,1304,1,02,West,12,JJ-F12,1kg Blueberry Muesli,1462,1462,ST,8.00,11696.00,3318.74,EUR
"{'id': ""http://e05.bi.ucc.cit.tum.de/odata/935/Sales('.1~174')"", 'uri': ""http://e05.bi.ucc.cit.tum.de/odata/935/Sales('.1~174')"", 'type': 'ZCDS_ODATA_SIMULATION_SRV.Sales'}",.1~174,174,JJ,02,17,02/17,8,37,1304,2,02,West,12,JJ-F12,1kg Blueberry Muesli,1467,1467,ST,8.00,11736.00,3330.09,EUR
"{'id': ""http://e05.bi.ucc.cit.tum.de/odata/935/Sales('.1~175')"", 'uri': ""http://e05.bi.ucc.cit.tum.de/odata/935/Sales('.1~175')"", 'type': 'ZCDS_ODATA_SIMULATION_SRV.Sales'}",.1~175,175,JJ,02,17,02/17,8,37,1306,2,02,West,12,JJ-F12,1kg Blueberry Muesli,1194,1194,ST,8.00,9552.00,2710.38,EUR
"{'id': ""http://e05.bi.ucc.cit.tum.de/odata/935/Sales('.1~176')"", 'uri': ""http://e05.bi.ucc.cit.tum.de/odata/935/Sales('.1~176')"", 'type': 'ZCDS_ODATA_SIMULATION_SRV.Sales'}",.1~176,176,JJ,02,17,02/17,8,37,1306,1,02,West,12,JJ-F12,1kg Blueberry Muesli,1425,1425,ST,8.00,11400.00,3234.75,EUR
"{'id': ""http://e05.bi.ucc.cit.tum.de/odata/935/Sales('.1~177')"", 'uri': ""http://e05.bi.ucc.cit.tum.de/odata/935/Sales('.1~177')"", 'type': 'ZCDS_ODATA_SIMULATION_SRV.Sales'}",.1~177,177,JJ,02,17,02/17,8,37,1300,1,02,North,12,JJ-F13,1kg Strawberry Muesli,1175,1175,ST,8.00,9400.00,2679.00,EUR
"{'id': ""http://e05.bi.ucc.cit.tum.de/odata/935/Sales('.1~178')"", 'uri': ""http://e05.bi.ucc.cit.tum.de/odata/935/Sales('.1~178')"", 'type': 'ZCDS_ODATA_SIMULATION_SRV.Sales'}",.1~178,178,JJ,02,17,02/17,8,37,1300,2,02,North,12,JJ-F13,1kg Strawberry Muesli,1487,1487,ST,8.00,11896.00,3390.36,EUR
"{'id': ""http://e05.bi.ucc.cit.tum.de/odata/935/Sales('.1~179')"", 'uri': ""http://e05.bi.ucc.cit.tum.de/odata/935/Sales('.1~179')"", 'type': 'ZCDS_ODATA_SIMULATION_SRV.Sales'}",.1~179,179,JJ,02,17,02/17,8,37,1300,3,02,North,12,JJ-F13,1kg Strawberry Muesli,1340,1340,ST,8.00,10720.00,3055.20,EUR
"{'id': ""http://e05.bi.ucc.cit.tum.de/odata/935/Sales('.1~180')"", 'uri': ""http://e05.bi.ucc.cit.tum.de/odata/935/Sales('.1~180')"", 'type': 'ZCDS_ODATA_SIMULATION_SRV.Sales'}",.1~180,180,JJ,02,17,02/17,8,37,1296,2,02,North,12,JJ-F13,1kg Strawberry Muesli,1226,1226,ST,8.00,9808.00,2795.28,EUR
"{'id': ""http://e05.bi.ucc.cit.tum.de/odata/935/Sales('.1~181')"", 'uri': ""http://e05.bi.ucc.cit.tum.de/odata/935/Sales('.1~181')"", 'type': 'ZCDS_ODATA_SIMULATION_SRV.Sales'}",.1~181,181,JJ,02,17,02/17,8,37,1291,2,02,South,12,JJ-F13,1kg Strawberry Muesli,1312,1312,ST,8.00,10496.00,2991.36,EUR
"{'id': ""http://e05.bi.ucc.cit.tum.de/odata/935/Sales('.1~182')"", 'uri': ""http://e05.bi.ucc.cit.tum.de/odata/935/Sales('.1~182')"", 'type': 'ZCDS_ODATA_SIMULATION_SRV.Sales'}",.1~182,182,JJ,02,17,02/17,8,37,1291,1,02,South,12,JJ-F13,1kg Strawberry Muesli,1438,1438,ST,8.00,11504.00,3278.64,EUR
"{'id': ""http://e05.bi.ucc.cit.tum.de/odata/935/Sales('.1~183')"", 'uri': ""http://e05.bi.ucc.cit.tum.de/odata/935/Sales('.1~183')"", 'type': 'ZCDS_ODATA_SIMULATION_SRV.Sales'}",.1~183,183,JJ,02,17,02/17,8,37,1294,3,02,South,12,JJ-F13,1kg Strawberry Muesli,1362,1362,ST,8.00,10896.00,3105.36,EUR
"{'id': ""http://e05.bi.ucc.cit.tum.de/odata/935/Sales('.1~184')"", 'uri': ""http://e05.bi.ucc.cit.tum.de/odata/935/Sales('.1~184')"", 'type': 'ZCDS_ODATA_SIMULATION_SRV.Sales'}",.1~184,184,JJ,02,17,02/17,8,37,1294,2,02,South,12,JJ-F13,1kg Strawberry Muesli,1155,1155,ST,8.00,9240.00,2633.40,EUR
