__metadata,ID,ROW_ID,COMPANY_CODE,SALES_ORGANIZATION,SIM_ROUND,SIM_PERIOD,MATERIAL_DESCRIPTION,DISTRIBUTION_CHANNEL,AREA,QUANTITY,UNIT,AVERAGE_PRICE,NET_VALUE,CURRENCY
"{'id': ""http://e05.bi.ucc.cit.tum.de/odata/935/Market('.1~1')"", 'uri': ""http://e05.bi.ucc.cit.tum.de/odata/935/Market('.1~1')"", 'type': 'ZCDS_ODATA_SIMULATION_SRV.Market'}",.1~1,1,JJ,Market,01,1,500g Nut Muesli,12,South,3330,ST,7.00,23310.00,EUR
"{'id': ""http://e05.bi.ucc.cit.tum.de/odata/935/Market('.1~2')"", 'uri': ""http://e05.bi.ucc.cit.tum.de/odata/935/Market('.1~2')"", 'type': 'ZCDS_ODATA_SIMULATION_SRV.Market'}",.1~2,2,JJ,Market,01,1,500g Nut Muesli,12,West,1586,ST,7.00,11102.00,EUR
"{'id': ""http://e05.bi.ucc.cit.tum.de/odata/935/Market('.1~3')"", 'uri': ""http://e05.bi.ucc.cit.tum.de/odata/935/Market('.1~3')"", 'type': 'ZCDS_ODATA_SIMULATION_SRV.Market'}",.1~3,3,JJ,Market,01,1,500g Nut Muesli,14,North,11583,ST,3.90,45173.70,EUR
"{'id': ""http://e05.bi.ucc.cit.tum.de/odata/935/Market('.1~4')"", 'uri': ""http://e05.bi.ucc.cit.tum.de/odata/935/Market('.1~4')"", 'type': 'ZCDS_ODATA_SIMULATION_SRV.Market'}",.1~4,4,JJ,Market,01,1,500g Nut Muesli,14,South,3501,ST,3.90,13653.90,EUR
"{'id': ""http://e05.bi.ucc.cit.tum.de/odata/935/Market('.1~5')"", 'uri': ""http://e05.bi.ucc.cit.tum.de/odata/935/Market('.1~5')"", 'type': 'ZCDS_ODATA_SIMULATION_SRV.Market'}",.1~5,5,JJ,Market,01,2,1kg Blueberry Muesli,10,South,9999,ST,5.26,52594.74,EUR
"{'id': ""http://e05.bi.ucc.cit.tum.de/odata/935/Market('.1~6')"", 'uri': ""http://e05.bi.ucc.cit.tum.de/odata/935/Market('.1~6')"", 'type': 'ZCDS_ODATA_SIMULATION_SRV.Market'}",.1~6,6,JJ,Market,01,2,1kg Blueberry Muesli,12,North,102,ST,5.26,536.52,EUR
"{'id': ""http://e05.bi.ucc.cit.tum.de/odata/935/Market('.1~7')"", 'uri': ""http://e05.bi.ucc.cit.tum.de/odata/935/Market('.1~7')"", 'type': 'ZCDS_ODATA_SIMULATION_SRV.Market'}",.1~7,7,JJ,Market,01,2,1kg Blueberry Muesli,12,South,18103,ST,5.26,95221.78,EUR
"{'id': ""http://e05.bi.ucc.cit.tum.de/odata/935/Market('.1~8')"", 'uri': ""http://e05.bi.ucc.cit.tum.de/odata/935/Market('.1~8')"", 'type': 'ZCDS_ODATA_SIMULATION_SRV.Market'}",.1~8,8,JJ,Market,01,2,1kg Blueberry Muesli,12,West,1796,ST,5.26,9446.96,EUR
"{'id': ""http://e05.bi.ucc.cit.tum.de/odata/935/Market('.1~9')"", 'uri': ""http://e05.bi.ucc.cit.tum.de/odata/935/Market('.1~9')"", 'type': 'ZCDS_ODATA_SIMULATION_SRV.Market'}",.1~9,9,JJ,Market,01,2,500g Blueberry Muesli,12,North,26153,ST,4.23,110627.19,EUR
"{'id': ""http://e05.bi.ucc.cit.tum.de/odata/935/Market('.1~10')"", 'uri': ""http://e05.bi.ucc.cit.tum.de/odata/935/Market('.1~10')"", 'type': 'ZCDS_ODATA_SIMULATION_SRV.Market'}",.1~10,10,JJ,Market,01,2,500g Blueberry Muesli,12,South,27450,ST,4.79,127786.26,EUR
"{'id': ""http://e05.bi.ucc.cit.tum.de/odata/935/Market('.1~11')"", 'uri': ""http://e05.bi.ucc.cit.tum.de/odata/935/Market('.1~11')"", 'type': 'ZCDS_ODATA_SIMULATION_SRV.Market'}",.1~11,11,JJ,Market,01,2,500g Blueberry Muesli,12,West,25902,ST,5.15,126088.51,EUR
"{'id': ""http://e05.bi.ucc.cit.tum.de/odata/935/Market('.1~12')"", 'uri': ""http://e05.bi.ucc.cit.tum.de/odata/935/Market('.1~12')"", 'type': 'ZCDS_ODATA_SIMULATION_SRV.Market'}",.1~12,12,JJ,Market,01,2,500g Strawberry Muesli,12,North,11289,ST,5.02,55650.06,EUR
"{'id': ""http://e05.bi.ucc.cit.tum.de/odata/935/Market('.1~13')"", 'uri': ""http://e05.bi.ucc.cit.tum.de/odata/935/Market('.1~13')"", 'type': 'ZCDS_ODATA_SIMULATION_SRV.Market'}",.1~13,13,JJ,Market,01,2,500g Strawberry Muesli,12,South,17088,ST,4.40,74951.04,EUR
"{'id': ""http://e05.bi.ucc.cit.tum.de/odata/935/Market('.1~14')"", 'uri': ""http://e05.bi.ucc.cit.tum.de/odata/935/Market('.1~14')"", 'type': 'ZCDS_ODATA_SIMULATION_SRV.Market'}",.1~14,14,JJ,Market,01,2,500g Strawberry Muesli,12,West,8859,ST,5.12,43103.25,EUR
"{'id': ""http://e05.bi.ucc.cit.tum.de/odata/935/Market('.1~15')"", 'uri': ""http://e05.bi.ucc.cit.tum.de/odata/935/Market('.1~15')"", 'type': 'ZCDS_ODATA_SIMULATION_SRV.Market'}",.1~15,15,JJ,Market,01,2,500g Blueberry Muesli,14,North,5232,ST,5.89,30956.58,EUR
"{'id': ""http://e05.bi.ucc.cit.tum.de/odata/935/Market('.1~16')"", 'uri': ""http://e05.bi.ucc.cit.tum.de/odata/935/Market('.1~16')"", 'type': 'ZCDS_ODATA_SIMULATION_SRV.Market'}",.1~16,16,JJ,Market,01,2,500g Blueberry Muesli,14,South,11423,ST,5.26,57130.66,EUR
"{'id': ""http://e05.bi.ucc.cit.tum.de/odata/935/Market('.1~17')"", 'uri': ""http://e05.bi.ucc.cit.tum.de/odata/935/Market('.1~17')"", 'type': 'ZCDS_ODATA_SIMULATION_SRV.Market'}",.1~17,17,JJ,Market,01,2,500g Blueberry Muesli,14,West,6565,ST,5.33,33886.11,EUR
"{'id': ""http://e05.bi.ucc.cit.tum.de/odata/935/Market('.1~18')"", 'uri': ""http://e05.bi.ucc.cit.tum.de/odata/935/Market('.1~18')"", 'type': 'ZCDS_ODATA_SIMULATION_SRV.Market'}",.1~18,18,JJ,Market,01,2,500g Raisin Muesli,14,South,1197,ST,7.00,8379.00,EUR
"{'id': ""http://e05.bi.ucc.cit.tum.de/odata/935/Market('.1~19')"", 'uri': ""http://e05.bi.ucc.cit.tum.de/odata/935/Market('.1~19')"", 'type': 'ZCDS_ODATA_SIMULATION_SRV.Market'}",.1~19,19,JJ,Market,01,2,500g Strawberry Muesli,14,North,10829,ST,4.23,45806.67,EUR
"{'id': ""http://e05.bi.ucc.cit.tum.de/odata/935/Market('.1~20')"", 'uri': ""http://e05.bi.ucc.cit.tum.de/odata/935/Market('.1~20')"", 'type': 'ZCDS_ODATA_SIMULATION_SRV.Market'}",.1~20,20,JJ,Market,01,2,500g Strawberry Muesli,14,South,13163,ST,4.92,60369.10,EUR
"{'id': ""http://e05.bi.ucc.cit.tum.de/odata/935/Market('.1~21')"", 'uri': ""http://e05.bi.ucc.cit.tum.de/odata/935/Market('.1~21')"", 'type': 'ZCDS_ODATA_SIMULATION_SRV.Market'}",.1~21,21,JJ,Market,01,2,500g Strawberry Muesli,14,West,16875,ST,4.50,72347.98,EUR
"{'id': ""http://e05.bi.ucc.cit.tum.de/odata/935/Market('.1~22')"", 'uri': ""http://e05.bi.ucc.cit.tum.de/odata/935/Market('.1~22')"", 'type': 'ZCDS_ODATA_SIMULATION_SRV.Market'}",.1~22,22,JJ,Market,01,3,1kg Blueberry Muesli,10,South,1085,ST,10.00,10850.00,EUR
"{'id': ""http://e05.bi.ucc.cit.tum.de/odata/935/Market('.1~23')"", 'uri': ""http://e05.bi.ucc.cit.tum.de/odata/935/Market('.1~23')"", 'type': 'ZCDS_ODATA_SIMULATION_SRV.Market'}",.1~23,23,JJ,Market,01,3,1kg Nut Muesli,10,North,927,ST,10.00,9270.00,EUR
"{'id': ""http://e05.bi.ucc.cit.tum.de/odata/935/Market('.1~24')"", 'uri': ""http://e05.bi.ucc.cit.tum.de/odata/935/Market('.1~24')"", 'type': 'ZCDS_ODATA_SIMULATION_SRV.Market'}",.1~24,24,JJ,Market,01,3,1kg Nut Muesli,10,South,7968,ST,5.95,41605.04,EUR
"{'id': ""http://e05.bi.ucc.cit.tum.de/odata/935/Market('.1~25')"", 'uri': ""http://e05.bi.ucc.cit.tum.de/odata/935/Market('.1~25')"", 'type': 'ZCDS_ODATA_SIMULATION_SRV.Market'}",.1~25,25,JJ,Market,01,3,1kg Nut Muesli,10,West,3897,ST,10.00,38970.00,EUR
"{'id': ""http://e05.bi.ucc.cit.tum.de/odata/935/Market('.1~26')"", 'uri': ""http://e05.bi.ucc.cit.tum.de/odata/935/Market('.1~26')"", 'type': 'ZCDS_ODATA_SIMULATION_SRV.Market'}",.1~26,26,JJ,Market,01,3,1kg Raisin Muesli,10,North,1133,ST,10.00,11330.00,EUR
"{'id': ""http://e05.bi.ucc.cit.tum.de/odata/935/Market('.1~27')"", 'uri': ""http://e05.bi.ucc.cit.tum.de/odata/935/Market('.1~27')"", 'type': 'ZCDS_ODATA_SIMULATION_SRV.Market'}",.1~27,27,JJ,Market,01,3,1kg Raisin Muesli,10,West,956,ST,10.00,9560.00,EUR
"{'id': ""http://e05.bi.ucc.cit.tum.de/odata/935/Market('.1~28')"", 'uri': ""http://e05.bi.ucc.cit.tum.de/odata/935/Market('.1~28')"", 'type': 'ZCDS_ODATA_SIMULATION_SRV.Market'}",.1~28,28,JJ,Market,01,3,1kg Strawberry Muesli,10,South,8141,ST,7.16,53427.32,EUR
"{'id': ""http://e05.bi.ucc.cit.tum.de/odata/935/Market('.1~29')"", 'uri': ""http://e05.bi.ucc.cit.tum.de/odata/935/Market('.1~29')"", 'type': 'ZCDS_ODATA_SIMULATION_SRV.Market'}",.1~29,29,JJ,Market,01,3,1kg Blueberry Muesli,12,North,3387,ST,9.00,30483.00,EUR
"{'id': ""http://e05.bi.ucc.cit.tum.de/odata/935/Market('.1~30')"", 'uri': ""http://e05.bi.ucc.cit.tum.de/odata/935/Market('.1~30')"", 'type': 'ZCDS_ODATA_SIMULATION_SRV.Market'}",.1~30,30,JJ,Market,01,3,1kg Blueberry Muesli,12,South,2350,ST,9.00,21150.00,EUR
"{'id': ""http://e05.bi.ucc.cit.tum.de/odata/935/Market('.1~31')"", 'uri': ""http://e05.bi.ucc.cit.tum.de/odata/935/Market('.1~31')"", 'type': 'ZCDS_ODATA_SIMULATION_SRV.Market'}",.1~31,31,JJ,Market,01,3,1kg Blueberry Muesli,12,West,4671,ST,9.00,42039.00,EUR
"{'id': ""http://e05.bi.ucc.cit.tum.de/odata/935/Market('.1~32')"", 'uri': ""http://e05.bi.ucc.cit.tum.de/odata/935/Market('.1~32')"", 'type': 'ZCDS_ODATA_SIMULATION_SRV.Market'}",.1~32,32,JJ,Market,01,3,1kg Nut Muesli,12,North,17199,ST,7.00,111066.60,EUR
"{'id': ""http://e05.bi.ucc.cit.tum.de/odata/935/Market('.1~33')"", 'uri': ""http://e05.bi.ucc.cit.tum.de/odata/935/Market('.1~33')"", 'type': 'ZCDS_ODATA_SIMULATION_SRV.Market'}",.1~33,33,JJ,Market,01,3,1kg Nut Muesli,12,South,12098,ST,5.34,60697.36,EUR
"{'id': ""http://e05.bi.ucc.cit.tum.de/odata/935/Market('.1~34')"", 'uri': ""http://e05.bi.ucc.cit.tum.de/odata/935/Market('.1~34')"", 'type': 'ZCDS_ODATA_SIMULATION_SRV.Market'}",.1~34,34,JJ,Market,01,3,1kg Nut Muesli,12,West,4589,ST,7.53,32556.12,EUR
"{'id': ""http://e05.bi.ucc.cit.tum.de/odata/935/Market('.1~35')"", 'uri': ""http://e05.bi.ucc.cit.tum.de/odata/935/Market('.1~35')"", 'type': 'ZCDS_ODATA_SIMULATION_SRV.Market'}",.1~35,35,JJ,Market,01,3,1kg Raisin Muesli,12,South,2557,ST,9.00,23013.00,EUR
"{'id': ""http://e05.bi.ucc.cit.tum.de/odata/935/Market('.1~36')"", 'uri': ""http://e05.bi.ucc.cit.tum.de/odata/935/Market('.1~36')"", 'type': 'ZCDS_ODATA_SIMULATION_SRV.Market'}",.1~36,36,JJ,Market,01,3,1kg Strawberry Muesli,12,North,3924,ST,7.75,29721.00,EUR
"{'id': ""http://e05.bi.ucc.cit.tum.de/odata/935/Market('.1~37')"", 'uri': ""http://e05.bi.ucc.cit.tum.de/odata/935/Market('.1~37')"", 'type': 'ZCDS_ODATA_SIMULATION_SRV.Market'}",.1~37,37,JJ,Market,01,3,1kg Strawberry Muesli,12,South,9514,ST,5.27,50138.78,EUR
"{'id': ""http://e05.bi.ucc.cit.tum.de/odata/935/Market('.1~38')"", 'uri': ""http://e05.bi.ucc.cit.tum.de/odata/935/Market('.1~38')"", 'type': 'ZCDS_ODATA_SIMULATION_SRV.Market'}",.1~38,38,JJ,Market,01,3,1kg Strawberry Muesli,12,West,4247,ST,6.51,26771.90,EUR
"{'id': ""http://e05.bi.ucc.cit.tum.de/odata/935/Market('.1~39')"", 'uri': ""http://e05.bi.ucc.cit.tum.de/odata/935/Market('.1~39')"", 'type': 'ZCDS_ODATA_SIMULATION_SRV.Market'}",.1~39,39,JJ,Market,01,3,500g Blueberry Muesli,12,North,2181,ST,7.00,15267.00,EUR
"{'id': ""http://e05.bi.ucc.cit.tum.de/odata/935/Market('.1~40')"", 'uri': ""http://e05.bi.ucc.cit.tum.de/odata/935/Market('.1~40')"", 'type': 'ZCDS_ODATA_SIMULATION_SRV.Market'}",.1~40,40,JJ,Market,01,3,500g Blueberry Muesli,12,South,4627,ST,4.53,20960.31,EUR
"{'id': ""http://e05.bi.ucc.cit.tum.de/odata/935/Market('.1~41')"", 'uri': ""http://e05.bi.ucc.cit.tum.de/odata/935/Market('.1~41')"", 'type': 'ZCDS_ODATA_SIMULATION_SRV.Market'}",.1~41,41,JJ,Market,01,3,500g Blueberry Muesli,12,West,5071,ST,4.53,22971.63,EUR
"{'id': ""http://e05.bi.ucc.cit.tum.de/odata/935/Market('.1~42')"", 'uri': ""http://e05.bi.ucc.cit.tum.de/odata/935/Market('.1~42')"", 'type': 'ZCDS_ODATA_SIMULATION_SRV.Market'}",.1~42,42,JJ,Market,01,3,500g Mixed Fruit Muesli,12,South,1588,ST,7.00,11116.00,EUR
"{'id': ""http://e05.bi.ucc.cit.tum.de/odata/935/Market('.1~43')"", 'uri': ""http://e05.bi.ucc.cit.tum.de/odata/935/Market('.1~43')"", 'type': 'ZCDS_ODATA_SIMULATION_SRV.Market'}",.1~43,43,JJ,Market,01,3,500g Mixed Fruit Muesli,12,West,1333,ST,7.00,9331.00,EUR
"{'id': ""http://e05.bi.ucc.cit.tum.de/odata/935/Market('.1~44')"", 'uri': ""http://e05.bi.ucc.cit.tum.de/odata/935/Market('.1~44')"", 'type': 'ZCDS_ODATA_SIMULATION_SRV.Market'}",.1~44,44,JJ,Market,01,3,500g Nut Muesli,12,North,8657,ST,3.90,33762.30,EUR
"{'id': ""http://e05.bi.ucc.cit.tum.de/odata/935/Market('.1~45')"", 'uri': ""http://e05.bi.ucc.cit.tum.de/odata/935/Market('.1~45')"", 'type': 'ZCDS_ODATA_SIMULATION_SRV.Market'}",.1~45,45,JJ,Market,01,3,500g Nut Muesli,12,South,2000,ST,3.90,7800.00,EUR
"{'id': ""http://e05.bi.ucc.cit.tum.de/odata/935/Market('.1~46')"", 'uri': ""http://e05.bi.ucc.cit.tum.de/odata/935/Market('.1~46')"", 'type': 'ZCDS_ODATA_SIMULATION_SRV.Market'}",.1~46,46,JJ,Market,01,3,500g Nut Muesli,12,West,2589,ST,3.90,10097.10,EUR
"{'id': ""http://e05.bi.ucc.cit.tum.de/odata/935/Market('.1~47')"", 'uri': ""http://e05.bi.ucc.cit.tum.de/odata/935/Market('.1~47')"", 'type': 'ZCDS_ODATA_SIMULATION_SRV.Market'}",.1~47,47,JJ,Market,01,3,500g Raisin Muesli,12,North,5334,ST,3.79,20215.86,EUR
"{'id': ""http://e05.bi.ucc.cit.tum.de/odata/935/Market('.1~48')"", 'uri': ""http://e05.bi.ucc.cit.tum.de/odata/935/Market('.1~48')"", 'type': 'ZCDS_ODATA_SIMULATION_SRV.Market'}",.1~48,48,JJ,Market,01,3,500g Raisin Muesli,12,South,6903,ST,4.86,31202.07,EUR
"{'id': ""http://e05.bi.ucc.cit.tum.de/odata/935/Market('.1~49')"", 'uri': ""http://e05.bi.ucc.cit.tum.de/odata/935/Market('.1~49')"", 'type': 'ZCDS_ODATA_SIMULATION_SRV.Market'}",.1~49,49,JJ,Market,01,3,500g Raisin Muesli,12,West,5333,ST,3.79,20212.07,EUR
"{'id': ""http://e05.bi.ucc.cit.tum.de/odata/935/Market('.1~50')"", 'uri': ""http://e05.bi.ucc.cit.tum.de/odata/935/Market('.1~50')"", 'type': 'ZCDS_ODATA_SIMULATION_SRV.Market'}",.1~50,50,JJ,Market,01,3,500g Strawberry Muesli,12,North,20500,ST,4.54,92773.80,EUR
"{'id': ""http://e05.bi.ucc.cit.tum.de/odata/935/Market('.1~51')"", 'uri': ""http://e05.bi.ucc.cit.tum.de/odata/935/Market('.1~51')"", 'type': 'ZCDS_ODATA_SIMULATION_SRV.Market'}",.1~51,51,JJ,Market,01,3,500g Strawberry Muesli,12,South,17844,ST,4.63,82617.72,EUR
"{'id': ""http://e05.bi.ucc.cit.tum.de/odata/935/Market('.1~52')"", 'uri': ""http://e05.bi.ucc.cit.tum.de/odata/935/Market('.1~52')"", 'type': 'ZCDS_ODATA_SIMULATION_SRV.Market'}",.1~52,52,JJ,Market,01,3,500g Strawberry Muesli,12,West,27039,ST,4.53,122402.17,EUR
"{'id': ""http://e05.bi.ucc.cit.tum.de/odata/935/Market('.1~53')"", 'uri': ""http://e05.bi.ucc.cit.tum.de/odata/935/Market('.1~53')"", 'type': 'ZCDS_ODATA_SIMULATION_SRV.Market'}",.1~53,53,JJ,Market,01,3,500g Blueberry Muesli,14,North,12000,ST,4.23,50760.00,EUR
"{'id': ""http://e05.bi.ucc.cit.tum.de/odata/935/Market('.1~54')"", 'uri': ""http://e05.bi.ucc.cit.tum.de/odata/935/Market('.1~54')"", 'type': 'ZCDS_ODATA_SIMULATION_SRV.Market'}",.1~54,54,JJ,Market,01,3,500g Blueberry Muesli,14,South,12041,ST,4.57,51047.00,EUR
"{'id': ""http://e05.bi.ucc.cit.tum.de/odata/935/Market('.1~55')"", 'uri': ""http://e05.bi.ucc.cit.tum.de/odata/935/Market('.1~55')"", 'type': 'ZCDS_ODATA_SIMULATION_SRV.Market'}",.1~55,55,JJ,Market,01,3,500g Blueberry Muesli,14,West,7097,ST,4.69,30131.11,EUR
"{'id': ""http://e05.bi.ucc.cit.tum.de/odata/935/Market('.1~56')"", 'uri': ""http://e05.bi.ucc.cit.tum.de/odata/935/Market('.1~56')"", 'type': 'ZCDS_ODATA_SIMULATION_SRV.Market'}",.1~56,56,JJ,Market,01,3,500g Mixed Fruit Muesli,14,North,6141,ST,7.00,42987.00,EUR
"{'id': ""http://e05.bi.ucc.cit.tum.de/odata/935/Market('.1~57')"", 'uri': ""http://e05.bi.ucc.cit.tum.de/odata/935/Market('.1~57')"", 'type': 'ZCDS_ODATA_SIMULATION_SRV.Market'}",.1~57,57,JJ,Market,01,3,500g Mixed Fruit Muesli,14,South,4432,ST,7.00,31024.00,EUR
"{'id': ""http://e05.bi.ucc.cit.tum.de/odata/935/Market('.1~58')"", 'uri': ""http://e05.bi.ucc.cit.tum.de/odata/935/Market('.1~58')"", 'type': 'ZCDS_ODATA_SIMULATION_SRV.Market'}",.1~58,58,JJ,Market,01,3,500g Mixed Fruit Muesli,14,West,2225,ST,7.00,15575.00,EUR
"{'id': ""http://e05.bi.ucc.cit.tum.de/odata/935/Market('.1~59')"", 'uri': ""http://e05.bi.ucc.cit.tum.de/odata/935/Market('.1~59')"", 'type': 'ZCDS_ODATA_SIMULATION_SRV.Market'}",.1~59,59,JJ,Market,01,3,500g Nut Muesli,14,North,4524,ST,3.90,17643.60,EUR
"{'id': ""http://e05.bi.ucc.cit.tum.de/odata/935/Market('.1~60')"", 'uri': ""http://e05.bi.ucc.cit.tum.de/odata/935/Market('.1~60')"", 'type': 'ZCDS_ODATA_SIMULATION_SRV.Market'}",.1~60,60,JJ,Market,01,3,500g Nut Muesli,14,West,12230,ST,3.90,47697.00,EUR
"{'id': ""http://e05.bi.ucc.cit.tum.de/odata/935/Market('.1~61')"", 'uri': ""http://e05.bi.ucc.cit.tum.de/odata/935/Market('.1~61')"", 'type': 'ZCDS_ODATA_SIMULATION_SRV.Market'}",.1~61,61,JJ,Market,01,3,500g Original Muesli,14,South,8778,ST,3.77,33093.06,EUR
"{'id': ""http://e05.bi.ucc.cit.tum.de/odata/935/Market('.1~62')"", 'uri': ""http://e05.bi.ucc.cit.tum.de/odata/935/Market('.1~62')"", 'type': 'ZCDS_ODATA_SIMULATION_SRV.Market'}",.1~62,62,JJ,Market,01,3,500g Original Muesli,14,West,2221,ST,3.77,8373.17,EUR
"{'id': ""http://e05.bi.ucc.cit.tum.de/odata/935/Market('.1~63')"", 'uri': ""http://e05.bi.ucc.cit.tum.de/odata/935/Market('.1~63')"", 'type': 'ZCDS_ODATA_SIMULATION_SRV.Market'}",.1~63,63,JJ,Market,01,3,500g Raisin Muesli,14,South,4607,ST,7.00,32249.00,EUR
"{'id': ""http://e05.bi.ucc.cit.tum.de/odata/935/Market('.1~64')"", 'uri': ""http://e05.bi.ucc.cit.tum.de/odata/935/Market('.1~64')"", 'type': 'ZCDS_ODATA_SIMULATION_SRV.Market'}",.1~64,64,JJ,Market,01,3,500g Raisin Muesli,14,West,6267,ST,7.00,43869.00,EUR
"{'id': ""http://e05.bi.ucc.cit.tum.de/odata/935/Market('.1~65')"", 'uri': ""http://e05.bi.ucc.cit.tum.de/odata/935/Market('.1~65')"", 'type': 'ZCDS_ODATA_SIMULATION_SRV.Market'}",.1~65,65,JJ,Market,01,3,500g Strawberry Muesli,14,North,1884,ST,5.61,8706.14,EUR
"{'id': ""http://e05.bi.ucc.cit.tum.de/odata/935/Market('.1~66')"", 'uri': ""http://e05.bi.ucc.cit.tum.de/odata/935/Market('.1~66')"", 'type': 'ZCDS_ODATA_SIMULATION_SRV.Market'}",.1~66,66,JJ,Market,01,3,500g Strawberry Muesli,14,South,208,ST,4.23,879.84,EUR
"{'id': ""http://e05.bi.ucc.cit.tum.de/odata/935/Market('.1~67')"", 'uri': ""http://e05.bi.ucc.cit.tum.de/odata/935/Market('.1~67')"", 'type': 'ZCDS_ODATA_SIMULATION_SRV.Market'}",.1~67,67,JJ,Market,01,4,1kg Blueberry Muesli,10,South,708,ST,10.00,7080.00,EUR
"{'id': ""http://e05.bi.ucc.cit.tum.de/odata/935/Market('.1~68')"", 'uri': ""http://e05.bi.ucc.cit.tum.de/odata/935/Market('.1~68')"", 'type': 'ZCDS_ODATA_SIMULATION_SRV.Market'}",.1~68,68,JJ,Market,01,4,1kg Mixed Fruit Muesli,10,South,6124,ST,5.06,30987.44,EUR
"{'id': ""http://e05.bi.ucc.cit.tum.de/odata/935/Market('.1~69')"", 'uri': ""http://e05.bi.ucc.cit.tum.de/odata/935/Market('.1~69')"", 'type': 'ZCDS_ODATA_SIMULATION_SRV.Market'}",.1~69,69,JJ,Market,01,4,1kg Original Muesli,10,North,2500,ST,4.35,10875.00,EUR
"{'id': ""http://e05.bi.ucc.cit.tum.de/odata/935/Market('.1~70')"", 'uri': ""http://e05.bi.ucc.cit.tum.de/odata/935/Market('.1~70')"", 'type': 'ZCDS_ODATA_SIMULATION_SRV.Market'}",.1~70,70,JJ,Market,01,4,1kg Original Muesli,10,South,11000,ST,4.35,47850.00,EUR
"{'id': ""http://e05.bi.ucc.cit.tum.de/odata/935/Market('.1~71')"", 'uri': ""http://e05.bi.ucc.cit.tum.de/odata/935/Market('.1~71')"", 'type': 'ZCDS_ODATA_SIMULATION_SRV.Market'}",.1~71,71,JJ,Market,01,4,1kg Raisin Muesli,10,North,2117,ST,10.00,21170.00,EUR
"{'id': ""http://e05.bi.ucc.cit.tum.de/odata/935/Market('.1~72')"", 'uri': ""http://e05.bi.ucc.cit.tum.de/odata/935/Market('.1~72')"", 'type': 'ZCDS_ODATA_SIMULATION_SRV.Market'}",.1~72,72,JJ,Market,01,4,1kg Raisin Muesli,10,South,7368,ST,4.38,32271.84,EUR
"{'id': ""http://e05.bi.ucc.cit.tum.de/odata/935/Market('.1~73')"", 'uri': ""http://e05.bi.ucc.cit.tum.de/odata/935/Market('.1~73')"", 'type': 'ZCDS_ODATA_SIMULATION_SRV.Market'}",.1~73,73,JJ,Market,01,4,1kg Raisin Muesli,10,West,2262,ST,10.00,22620.00,EUR
"{'id': ""http://e05.bi.ucc.cit.tum.de/odata/935/Market('.1~74')"", 'uri': ""http://e05.bi.ucc.cit.tum.de/odata/935/Market('.1~74')"", 'type': 'ZCDS_ODATA_SIMULATION_SRV.Market'}",.1~74,74,JJ,Market,01,4,1kg Strawberry Muesli,10,West,999,ST,10.00,9990.00,EUR
"{'id': ""http://e05.bi.ucc.cit.tum.de/odata/935/Market('.1~75')"", 'uri': ""http://e05.bi.ucc.cit.tum.de/odata/935/Market('.1~75')"", 'type': 'ZCDS_ODATA_SIMULATION_SRV.Market'}",.1~75,75,JJ,Market,01,4,1kg Blueberry Muesli,12,North,3280,ST,9.00,29520.00,EUR
"{'id': ""http://e05.bi.ucc.cit.tum.de/odata/935/Market('.1~76')"", 'uri': ""http://e05.bi.ucc.cit.tum.de/odata/935/Market('.1~76')"", 'type': 'ZCDS_ODATA_SIMULATION_SRV.Market'}",.1~76,76,JJ,Market,01,4,1kg Blueberry Muesli,12,South,2524,ST,9.00,22716.00,EUR
"{'id': ""http://e05.bi.ucc.cit.tum.de/odata/935/Market('.1~77')"", 'uri': ""http://e05.bi.ucc.cit.tum.de/odata/935/Market('.1~77')"", 'type': 'ZCDS_ODATA_SIMULATION_SRV.Market'}",.1~77,77,JJ,Market,01,4,1kg Blueberry Muesli,12,West,1995,ST,9.00,17955.00,EUR
"{'id': ""http://e05.bi.ucc.cit.tum.de/odata/935/Market('.1~78')"", 'uri': ""http://e05.bi.ucc.cit.tum.de/odata/935/Market('.1~78')"", 'type': 'ZCDS_ODATA_SIMULATION_SRV.Market'}",.1~78,78,JJ,Market,01,4,1kg Mixed Fruit Muesli,12,South,9876,ST,5.06,49972.56,EUR
"{'id': ""http://e05.bi.ucc.cit.tum.de/odata/935/Market('.1~79')"", 'uri': ""http://e05.bi.ucc.cit.tum.de/odata/935/Market('.1~79')"", 'type': 'ZCDS_ODATA_SIMULATION_SRV.Market'}",.1~79,79,JJ,Market,01,4,1kg Nut Muesli,12,South,3314,ST,9.00,29826.00,EUR
"{'id': ""http://e05.bi.ucc.cit.tum.de/odata/935/Market('.1~80')"", 'uri': ""http://e05.bi.ucc.cit.tum.de/odata/935/Market('.1~80')"", 'type': 'ZCDS_ODATA_SIMULATION_SRV.Market'}",.1~80,80,JJ,Market,01,4,1kg Original Muesli,12,West,2500,ST,4.35,10875.00,EUR
"{'id': ""http://e05.bi.ucc.cit.tum.de/odata/935/Market('.1~81')"", 'uri': ""http://e05.bi.ucc.cit.tum.de/odata/935/Market('.1~81')"", 'type': 'ZCDS_ODATA_SIMULATION_SRV.Market'}",.1~81,81,JJ,Market,01,4,1kg Raisin Muesli,12,North,2302,ST,9.00,20718.00,EUR
"{'id': ""http://e05.bi.ucc.cit.tum.de/odata/935/Market('.1~82')"", 'uri': ""http://e05.bi.ucc.cit.tum.de/odata/935/Market('.1~82')"", 'type': 'ZCDS_ODATA_SIMULATION_SRV.Market'}",.1~82,82,JJ,Market,01,4,1kg Raisin Muesli,12,South,4349,ST,7.84,36221.16,EUR
"{'id': ""http://e05.bi.ucc.cit.tum.de/odata/935/Market('.1~83')"", 'uri': ""http://e05.bi.ucc.cit.tum.de/odata/935/Market('.1~83')"", 'type': 'ZCDS_ODATA_SIMULATION_SRV.Market'}",.1~83,83,JJ,Market,01,4,1kg Raisin Muesli,12,West,2856,ST,9.00,25704.00,EUR
"{'id': ""http://e05.bi.ucc.cit.tum.de/odata/935/Market('.1~84')"", 'uri': ""http://e05.bi.ucc.cit.tum.de/odata/935/Market('.1~84')"", 'type': 'ZCDS_ODATA_SIMULATION_SRV.Market'}",.1~84,84,JJ,Market,01,4,1kg Strawberry Muesli,12,North,4725,ST,9.00,42525.00,EUR
"{'id': ""http://e05.bi.ucc.cit.tum.de/odata/935/Market('.1~85')"", 'uri': ""http://e05.bi.ucc.cit.tum.de/odata/935/Market('.1~85')"", 'type': 'ZCDS_ODATA_SIMULATION_SRV.Market'}",.1~85,85,JJ,Market,01,4,1kg Strawberry Muesli,12,South,2587,ST,9.00,23283.00,EUR
"{'id': ""http://e05.bi.ucc.cit.tum.de/odata/935/Market('.1~86')"", 'uri': ""http://e05.bi.ucc.cit.tum.de/odata/935/Market('.1~86')"", 'type': 'ZCDS_ODATA_SIMULATION_SRV.Market'}",.1~86,86,JJ,Market,01,4,1kg Strawberry Muesli,12,West,3416,ST,9.00,30744.00,EUR
"{'id': ""http://e05.bi.ucc.cit.tum.de/odata/935/Market('.1~87')"", 'uri': ""http://e05.bi.ucc.cit.tum.de/odata/935/Market('.1~87')"", 'type': 'ZCDS_ODATA_SIMULATION_SRV.Market'}",.1~87,87,JJ,Market,01,4,500g Blueberry Muesli,12,North,129,ST,4.33,558.57,EUR
"{'id': ""http://e05.bi.ucc.cit.tum.de/odata/935/Market('.1~88')"", 'uri': ""http://e05.bi.ucc.cit.tum.de/odata/935/Market('.1~88')"", 'type': 'ZCDS_ODATA_SIMULATION_SRV.Market'}",.1~88,88,JJ,Market,01,4,500g Blueberry Muesli,12,West,1616,ST,7.00,11312.00,EUR
"{'id': ""http://e05.bi.ucc.cit.tum.de/odata/935/Market('.1~89')"", 'uri': ""http://e05.bi.ucc.cit.tum.de/odata/935/Market('.1~89')"", 'type': 'ZCDS_ODATA_SIMULATION_SRV.Market'}",.1~89,89,JJ,Market,01,4,500g Mixed Fruit Muesli,12,North,7502,ST,4.13,30983.26,EUR
"{'id': ""http://e05.bi.ucc.cit.tum.de/odata/935/Market('.1~90')"", 'uri': ""http://e05.bi.ucc.cit.tum.de/odata/935/Market('.1~90')"", 'type': 'ZCDS_ODATA_SIMULATION_SRV.Market'}",.1~90,90,JJ,Market,01,4,500g Mixed Fruit Muesli,12,South,6401,ST,5.08,30264.71,EUR
"{'id': ""http://e05.bi.ucc.cit.tum.de/odata/935/Market('.1~91')"", 'uri': ""http://e05.bi.ucc.cit.tum.de/odata/935/Market('.1~91')"", 'type': 'ZCDS_ODATA_SIMULATION_SRV.Market'}",.1~91,91,JJ,Market,01,4,500g Mixed Fruit Muesli,12,West,6599,ST,4.13,27253.87,EUR
"{'id': ""http://e05.bi.ucc.cit.tum.de/odata/935/Market('.1~92')"", 'uri': ""http://e05.bi.ucc.cit.tum.de/odata/935/Market('.1~92')"", 'type': 'ZCDS_ODATA_SIMULATION_SRV.Market'}",.1~92,92,JJ,Market,01,4,500g Nut Muesli,12,North,17506,ST,4.34,72942.00,EUR
"{'id': ""http://e05.bi.ucc.cit.tum.de/odata/935/Market('.1~93')"", 'uri': ""http://e05.bi.ucc.cit.tum.de/odata/935/Market('.1~93')"", 'type': 'ZCDS_ODATA_SIMULATION_SRV.Market'}",.1~93,93,JJ,Market,01,4,500g Nut Muesli,12,West,1310,ST,7.00,9170.00,EUR
"{'id': ""http://e05.bi.ucc.cit.tum.de/odata/935/Market('.1~94')"", 'uri': ""http://e05.bi.ucc.cit.tum.de/odata/935/Market('.1~94')"", 'type': 'ZCDS_ODATA_SIMULATION_SRV.Market'}",.1~94,94,JJ,Market,01,4,500g Original Muesli,12,West,2500,ST,3.77,9425.00,EUR
"{'id': ""http://e05.bi.ucc.cit.tum.de/odata/935/Market('.1~95')"", 'uri': ""http://e05.bi.ucc.cit.tum.de/odata/935/Market('.1~95')"", 'type': 'ZCDS_ODATA_SIMULATION_SRV.Market'}",.1~95,95,JJ,Market,01,4,500g Raisin Muesli,12,North,25821,ST,3.79,97861.59,EUR
"{'id': ""http://e05.bi.ucc.cit.tum.de/odata/935/Market('.1~96')"", 'uri': ""http://e05.bi.ucc.cit.tum.de/odata/935/Market('.1~96')"", 'type': 'ZCDS_ODATA_SIMULATION_SRV.Market'}",.1~96,96,JJ,Market,01,4,500g Raisin Muesli,12,South,22354,ST,3.79,84721.66,EUR
"{'id': ""http://e05.bi.ucc.cit.tum.de/odata/935/Market('.1~97')"", 'uri': ""http://e05.bi.ucc.cit.tum.de/odata/935/Market('.1~97')"", 'type': 'ZCDS_ODATA_SIMULATION_SRV.Market'}",.1~97,97,JJ,Market,01,4,500g Raisin Muesli,12,West,32311,ST,3.79,122458.69,EUR
"{'id': ""http://e05.bi.ucc.cit.tum.de/odata/935/Market('.1~98')"", 'uri': ""http://e05.bi.ucc.cit.tum.de/odata/935/Market('.1~98')"", 'type': 'ZCDS_ODATA_SIMULATION_SRV.Market'}",.1~98,98,JJ,Market,01,4,500g Blueberry Muesli,14,South,3611,ST,6.30,24919.67,EUR
"{'id': ""http://e05.bi.ucc.cit.tum.de/odata/935/Market('.1~99')"", 'uri': ""http://e05.bi.ucc.cit.tum.de/odata/935/Market('.1~99')"", 'type': 'ZCDS_ODATA_SIMULATION_SRV.Market'}",.1~99,99,JJ,Market,01,4,500g Blueberry Muesli,14,West,5813,ST,7.00,40691.00,EUR
"{'id': ""http://e05.bi.ucc.cit.tum.de/odata/935/Market('.1~100')"", 'uri': ""http://e05.bi.ucc.cit.tum.de/odata/935/Market('.1~100')"", 'type': 'ZCDS_ODATA_SIMULATION_SRV.Market'}",.1~100,100,JJ,Market,01,4,500g Mixed Fruit Muesli,14,North,10832,ST,4.13,44736.16,EUR
"{'id': ""http://e05.bi.ucc.cit.tum.de/odata/935/Market('.1~101')"", 'uri': ""http://e05.bi.ucc.cit.tum.de/odata/935/Market('.1~101')"", 'type': 'ZCDS_ODATA_SIMULATION_SRV.Market'}",.1~101,101,JJ,Market,01,4,500g Mixed Fruit Muesli,14,West,2947,ST,7.00,20629.00,EUR
"{'id': ""http://e05.bi.ucc.cit.tum.de/odata/935/Market('.1~102')"", 'uri': ""http://e05.bi.ucc.cit.tum.de/odata/935/Market('.1~102')"", 'type': 'ZCDS_ODATA_SIMULATION_SRV.Market'}",.1~102,102,JJ,Market,01,4,500g Nut Muesli,14,North,2304,ST,7.00,16128.00,EUR
"{'id': ""http://e05.bi.ucc.cit.tum.de/odata/935/Market('.1~103')"", 'uri': ""http://e05.bi.ucc.cit.tum.de/odata/935/Market('.1~103')"", 'type': 'ZCDS_ODATA_SIMULATION_SRV.Market'}",.1~103,103,JJ,Market,01,4,500g Nut Muesli,14,South,989,ST,7.00,6923.00,EUR
"{'id': ""http://e05.bi.ucc.cit.tum.de/odata/935/Market('.1~104')"", 'uri': ""http://e05.bi.ucc.cit.tum.de/odata/935/Market('.1~104')"", 'type': 'ZCDS_ODATA_SIMULATION_SRV.Market'}",.1~104,104,JJ,Market,01,4,500g Nut Muesli,14,West,5965,ST,7.00,41755.00,EUR
"{'id': ""http://e05.bi.ucc.cit.tum.de/odata/935/Market('.1~105')"", 'uri': ""http://e05.bi.ucc.cit.tum.de/odata/935/Market('.1~105')"", 'type': 'ZCDS_ODATA_SIMULATION_SRV.Market'}",.1~105,105,JJ,Market,01,4,500g Original Muesli,14,North,2501,ST,3.77,9428.77,EUR
"{'id': ""http://e05.bi.ucc.cit.tum.de/odata/935/Market('.1~106')"", 'uri': ""http://e05.bi.ucc.cit.tum.de/odata/935/Market('.1~106')"", 'type': 'ZCDS_ODATA_SIMULATION_SRV.Market'}",.1~106,106,JJ,Market,01,4,500g Original Muesli,14,West,1277,ST,7.00,8939.00,EUR
"{'id': ""http://e05.bi.ucc.cit.tum.de/odata/935/Market('.1~107')"", 'uri': ""http://e05.bi.ucc.cit.tum.de/odata/935/Market('.1~107')"", 'type': 'ZCDS_ODATA_SIMULATION_SRV.Market'}",.1~107,107,JJ,Market,01,4,500g Raisin Muesli,14,North,3370,ST,5.39,16749.49,EUR
"{'id': ""http://e05.bi.ucc.cit.tum.de/odata/935/Market('.1~108')"", 'uri': ""http://e05.bi.ucc.cit.tum.de/odata/935/Market('.1~108')"", 'type': 'ZCDS_ODATA_SIMULATION_SRV.Market'}",.1~108,108,JJ,Market,01,4,500g Raisin Muesli,14,South,9651,ST,4.32,36869.40,EUR
"{'id': ""http://e05.bi.ucc.cit.tum.de/odata/935/Market('.1~109')"", 'uri': ""http://e05.bi.ucc.cit.tum.de/odata/935/Market('.1~109')"", 'type': 'ZCDS_ODATA_SIMULATION_SRV.Market'}",.1~109,109,JJ,Market,01,4,500g Raisin Muesli,14,West,3769,ST,3.79,14284.51,EUR
"{'id': ""http://e05.bi.ucc.cit.tum.de/odata/935/Market('.1~110')"", 'uri': ""http://e05.bi.ucc.cit.tum.de/odata/935/Market('.1~110')"", 'type': 'ZCDS_ODATA_SIMULATION_SRV.Market'}",.1~110,110,JJ,Market,01,4,500g Strawberry Muesli,14,North,422,ST,4.23,1785.06,EUR
"{'id': ""http://e05.bi.ucc.cit.tum.de/odata/935/Market('.1~111')"", 'uri': ""http://e05.bi.ucc.cit.tum.de/odata/935/Market('.1~111')"", 'type': 'ZCDS_ODATA_SIMULATION_SRV.Market'}",.1~111,111,JJ,Market,02,5,1kg Raisin Muesli,10,North,699,ST,10.00,6990.00,EUR
"{'id': ""http://e05.bi.ucc.cit.tum.de/odata/935/Market('.1~112')"", 'uri': ""http://e05.bi.ucc.cit.tum.de/odata/935/Market('.1~112')"", 'type': 'ZCDS_ODATA_SIMULATION_SRV.Market'}",.1~112,112,JJ,Market,02,5,1kg Raisin Muesli,10,South,6565,ST,4.38,28754.70,EUR
"{'id': ""http://e05.bi.ucc.cit.tum.de/odata/935/Market('.1~113')"", 'uri': ""http://e05.bi.ucc.cit.tum.de/odata/935/Market('.1~113')"", 'type': 'ZCDS_ODATA_SIMULATION_SRV.Market'}",.1~113,113,JJ,Market,02,5,1kg Nut Muesli,12,West,8,ST,7.00,56.00,EUR
"{'id': ""http://e05.bi.ucc.cit.tum.de/odata/935/Market('.1~114')"", 'uri': ""http://e05.bi.ucc.cit.tum.de/odata/935/Market('.1~114')"", 'type': 'ZCDS_ODATA_SIMULATION_SRV.Market'}",.1~114,114,JJ,Market,02,5,1kg Raisin Muesli,12,South,1401,ST,9.00,12609.00,EUR
"{'id': ""http://e05.bi.ucc.cit.tum.de/odata/935/Market('.1~115')"", 'uri': ""http://e05.bi.ucc.cit.tum.de/odata/935/Market('.1~115')"", 'type': 'ZCDS_ODATA_SIMULATION_SRV.Market'}",.1~115,115,JJ,Market,02,5,1kg Raisin Muesli,12,West,1435,ST,5.90,8466.50,EUR
"{'id': ""http://e05.bi.ucc.cit.tum.de/odata/935/Market('.1~116')"", 'uri': ""http://e05.bi.ucc.cit.tum.de/odata/935/Market('.1~116')"", 'type': 'ZCDS_ODATA_SIMULATION_SRV.Market'}",.1~116,116,JJ,Market,02,5,1kg Strawberry Muesli,12,South,2138,ST,9.00,19242.00,EUR
"{'id': ""http://e05.bi.ucc.cit.tum.de/odata/935/Market('.1~117')"", 'uri': ""http://e05.bi.ucc.cit.tum.de/odata/935/Market('.1~117')"", 'type': 'ZCDS_ODATA_SIMULATION_SRV.Market'}",.1~117,117,JJ,Market,02,5,1kg Strawberry Muesli,12,West,309,ST,9.00,2781.00,EUR
"{'id': ""http://e05.bi.ucc.cit.tum.de/odata/935/Market('.1~118')"", 'uri': ""http://e05.bi.ucc.cit.tum.de/odata/935/Market('.1~118')"", 'type': 'ZCDS_ODATA_SIMULATION_SRV.Market'}",.1~118,118,JJ,Market,02,5,500g Blueberry Muesli,12,North,11427,ST,4.50,51421.50,EUR
"{'id': ""http://e05.bi.ucc.cit.tum.de/odata/935/Market('.1~119')"", 'uri': ""http://e05.bi.ucc.cit.tum.de/odata/935/Market('.1~119')"", 'type': 'ZCDS_ODATA_SIMULATION_SRV.Market'}",.1~119,119,JJ,Market,02,5,500g Blueberry Muesli,12,South,13022,ST,5.92,73396.50,EUR
"{'id': ""http://e05.bi.ucc.cit.tum.de/odata/935/Market('.1~120')"", 'uri': ""http://e05.bi.ucc.cit.tum.de/odata/935/Market('.1~120')"", 'type': 'ZCDS_ODATA_SIMULATION_SRV.Market'}",.1~120,120,JJ,Market,02,5,500g Blueberry Muesli,12,West,13739,ST,5.57,72943.00,EUR
"{'id': ""http://e05.bi.ucc.cit.tum.de/odata/935/Market('.1~121')"", 'uri': ""http://e05.bi.ucc.cit.tum.de/odata/935/Market('.1~121')"", 'type': 'ZCDS_ODATA_SIMULATION_SRV.Market'}",.1~121,121,JJ,Market,02,5,500g Nut Muesli,12,North,24839,ST,4.79,117352.08,EUR
"{'id': ""http://e05.bi.ucc.cit.tum.de/odata/935/Market('.1~122')"", 'uri': ""http://e05.bi.ucc.cit.tum.de/odata/935/Market('.1~122')"", 'type': 'ZCDS_ODATA_SIMULATION_SRV.Market'}",.1~122,122,JJ,Market,02,5,500g Nut Muesli,12,South,13326,ST,4.50,59967.00,EUR
"{'id': ""http://e05.bi.ucc.cit.tum.de/odata/935/Market('.1~123')"", 'uri': ""http://e05.bi.ucc.cit.tum.de/odata/935/Market('.1~123')"", 'type': 'ZCDS_ODATA_SIMULATION_SRV.Market'}",.1~123,123,JJ,Market,02,5,500g Nut Muesli,12,West,12380,ST,5.12,61970.99,EUR
"{'id': ""http://e05.bi.ucc.cit.tum.de/odata/935/Market('.1~124')"", 'uri': ""http://e05.bi.ucc.cit.tum.de/odata/935/Market('.1~124')"", 'type': 'ZCDS_ODATA_SIMULATION_SRV.Market'}",.1~124,124,JJ,Market,02,5,500g Original Muesli,12,North,2071,ST,4.49,9298.79,EUR
"{'id': ""http://e05.bi.ucc.cit.tum.de/odata/935/Market('.1~125')"", 'uri': ""http://e05.bi.ucc.cit.tum.de/odata/935/Market('.1~125')"", 'type': 'ZCDS_ODATA_SIMULATION_SRV.Market'}",.1~125,125,JJ,Market,02,5,500g Original Muesli,12,South,5360,ST,4.08,21868.80,EUR
"{'id': ""http://e05.bi.ucc.cit.tum.de/odata/935/Market('.1~126')"", 'uri': ""http://e05.bi.ucc.cit.tum.de/odata/935/Market('.1~126')"", 'type': 'ZCDS_ODATA_SIMULATION_SRV.Market'}",.1~126,126,JJ,Market,02,5,500g Raisin Muesli,12,West,2444,ST,4.50,10998.00,EUR
"{'id': ""http://e05.bi.ucc.cit.tum.de/odata/935/Market('.1~127')"", 'uri': ""http://e05.bi.ucc.cit.tum.de/odata/935/Market('.1~127')"", 'type': 'ZCDS_ODATA_SIMULATION_SRV.Market'}",.1~127,127,JJ,Market,02,5,500g Strawberry Muesli,12,North,1298,ST,7.00,9086.00,EUR
"{'id': ""http://e05.bi.ucc.cit.tum.de/odata/935/Market('.1~128')"", 'uri': ""http://e05.bi.ucc.cit.tum.de/odata/935/Market('.1~128')"", 'type': 'ZCDS_ODATA_SIMULATION_SRV.Market'}",.1~128,128,JJ,Market,02,5,500g Strawberry Muesli,12,South,1446,ST,7.00,10122.00,EUR
"{'id': ""http://e05.bi.ucc.cit.tum.de/odata/935/Market('.1~129')"", 'uri': ""http://e05.bi.ucc.cit.tum.de/odata/935/Market('.1~129')"", 'type': 'ZCDS_ODATA_SIMULATION_SRV.Market'}",.1~129,129,JJ,Market,02,5,500g Strawberry Muesli,12,West,9262,ST,7.00,64834.00,EUR
"{'id': ""http://e05.bi.ucc.cit.tum.de/odata/935/Market('.1~130')"", 'uri': ""http://e05.bi.ucc.cit.tum.de/odata/935/Market('.1~130')"", 'type': 'ZCDS_ODATA_SIMULATION_SRV.Market'}",.1~130,130,JJ,Market,02,5,500g Blueberry Muesli,14,North,2897,ST,6.00,16781.00,EUR
"{'id': ""http://e05.bi.ucc.cit.tum.de/odata/935/Market('.1~131')"", 'uri': ""http://e05.bi.ucc.cit.tum.de/odata/935/Market('.1~131')"", 'type': 'ZCDS_ODATA_SIMULATION_SRV.Market'}",.1~131,131,JJ,Market,02,5,500g Blueberry Muesli,14,South,4908,ST,5.50,25668.00,EUR
"{'id': ""http://e05.bi.ucc.cit.tum.de/odata/935/Market('.1~132')"", 'uri': ""http://e05.bi.ucc.cit.tum.de/odata/935/Market('.1~132')"", 'type': 'ZCDS_ODATA_SIMULATION_SRV.Market'}",.1~132,132,JJ,Market,02,5,500g Blueberry Muesli,14,West,6455,ST,6.20,39397.00,EUR
"{'id': ""http://e05.bi.ucc.cit.tum.de/odata/935/Market('.1~133')"", 'uri': ""http://e05.bi.ucc.cit.tum.de/odata/935/Market('.1~133')"", 'type': 'ZCDS_ODATA_SIMULATION_SRV.Market'}",.1~133,133,JJ,Market,02,5,500g Nut Muesli,14,North,4624,ST,5.30,22591.30,EUR
"{'id': ""http://e05.bi.ucc.cit.tum.de/odata/935/Market('.1~134')"", 'uri': ""http://e05.bi.ucc.cit.tum.de/odata/935/Market('.1~134')"", 'type': 'ZCDS_ODATA_SIMULATION_SRV.Market'}",.1~134,134,JJ,Market,02,5,500g Nut Muesli,14,South,11468,ST,4.41,48488.60,EUR
"{'id': ""http://e05.bi.ucc.cit.tum.de/odata/935/Market('.1~135')"", 'uri': ""http://e05.bi.ucc.cit.tum.de/odata/935/Market('.1~135')"", 'type': 'ZCDS_ODATA_SIMULATION_SRV.Market'}",.1~135,135,JJ,Market,02,5,500g Nut Muesli,14,West,7821,ST,4.17,32345.50,EUR
"{'id': ""http://e05.bi.ucc.cit.tum.de/odata/935/Market('.1~136')"", 'uri': ""http://e05.bi.ucc.cit.tum.de/odata/935/Market('.1~136')"", 'type': 'ZCDS_ODATA_SIMULATION_SRV.Market'}",.1~136,136,JJ,Market,02,5,500g Original Muesli,14,North,3929,ST,3.77,14812.33,EUR
"{'id': ""http://e05.bi.ucc.cit.tum.de/odata/935/Market('.1~137')"", 'uri': ""http://e05.bi.ucc.cit.tum.de/odata/935/Market('.1~137')"", 'type': 'ZCDS_ODATA_SIMULATION_SRV.Market'}",.1~137,137,JJ,Market,02,5,500g Original Muesli,14,South,2281,ST,3.77,8599.37,EUR
"{'id': ""http://e05.bi.ucc.cit.tum.de/odata/935/Market('.1~138')"", 'uri': ""http://e05.bi.ucc.cit.tum.de/odata/935/Market('.1~138')"", 'type': 'ZCDS_ODATA_SIMULATION_SRV.Market'}",.1~138,138,JJ,Market,02,5,500g Raisin Muesli,14,North,1556,ST,5.00,7780.00,EUR
"{'id': ""http://e05.bi.ucc.cit.tum.de/odata/935/Market('.1~139')"", 'uri': ""http://e05.bi.ucc.cit.tum.de/odata/935/Market('.1~139')"", 'type': 'ZCDS_ODATA_SIMULATION_SRV.Market'}",.1~139,139,JJ,Market,02,5,500g Raisin Muesli,14,South,2073,ST,5.93,14453.22,EUR
"{'id': ""http://e05.bi.ucc.cit.tum.de/odata/935/Market('.1~140')"", 'uri': ""http://e05.bi.ucc.cit.tum.de/odata/935/Market('.1~140')"", 'type': 'ZCDS_ODATA_SIMULATION_SRV.Market'}",.1~140,140,JJ,Market,02,5,500g Strawberry Muesli,14,North,2447,ST,7.00,17129.00,EUR
"{'id': ""http://e05.bi.ucc.cit.tum.de/odata/935/Market('.1~141')"", 'uri': ""http://e05.bi.ucc.cit.tum.de/odata/935/Market('.1~141')"", 'type': 'ZCDS_ODATA_SIMULATION_SRV.Market'}",.1~141,141,JJ,Market,02,5,500g Strawberry Muesli,14,South,2513,ST,7.00,17591.00,EUR
"{'id': ""http://e05.bi.ucc.cit.tum.de/odata/935/Market('.1~142')"", 'uri': ""http://e05.bi.ucc.cit.tum.de/odata/935/Market('.1~142')"", 'type': 'ZCDS_ODATA_SIMULATION_SRV.Market'}",.1~142,142,JJ,Market,02,5,500g Strawberry Muesli,14,West,7896,ST,7.00,55272.00,EUR
"{'id': ""http://e05.bi.ucc.cit.tum.de/odata/935/Market('.1~143')"", 'uri': ""http://e05.bi.ucc.cit.tum.de/odata/935/Market('.1~143')"", 'type': 'ZCDS_ODATA_SIMULATION_SRV.Market'}",.1~143,143,JJ,Market,02,6,1kg Blueberry Muesli,10,North,5741,ST,5.26,30197.66,EUR
"{'id': ""http://e05.bi.ucc.cit.tum.de/odata/935/Market('.1~144')"", 'uri': ""http://e05.bi.ucc.cit.tum.de/odata/935/Market('.1~144')"", 'type': 'ZCDS_ODATA_SIMULATION_SRV.Market'}",.1~144,144,JJ,Market,02,6,1kg Blueberry Muesli,10,South,13512,ST,5.93,75969.54,EUR
"{'id': ""http://e05.bi.ucc.cit.tum.de/odata/935/Market('.1~145')"", 'uri': ""http://e05.bi.ucc.cit.tum.de/odata/935/Market('.1~145')"", 'type': 'ZCDS_ODATA_SIMULATION_SRV.Market'}",.1~145,145,JJ,Market,02,6,1kg Blueberry Muesli,10,West,5814,ST,5.26,30581.64,EUR
"{'id': ""http://e05.bi.ucc.cit.tum.de/odata/935/Market('.1~146')"", 'uri': ""http://e05.bi.ucc.cit.tum.de/odata/935/Market('.1~146')"", 'type': 'ZCDS_ODATA_SIMULATION_SRV.Market'}",.1~146,146,JJ,Market,02,6,1kg Nut Muesli,10,North,1085,ST,10.00,10850.00,EUR
"{'id': ""http://e05.bi.ucc.cit.tum.de/odata/935/Market('.1~147')"", 'uri': ""http://e05.bi.ucc.cit.tum.de/odata/935/Market('.1~147')"", 'type': 'ZCDS_ODATA_SIMULATION_SRV.Market'}",.1~147,147,JJ,Market,02,6,1kg Nut Muesli,10,South,909,ST,10.00,9090.00,EUR
"{'id': ""http://e05.bi.ucc.cit.tum.de/odata/935/Market('.1~148')"", 'uri': ""http://e05.bi.ucc.cit.tum.de/odata/935/Market('.1~148')"", 'type': 'ZCDS_ODATA_SIMULATION_SRV.Market'}",.1~148,148,JJ,Market,02,6,1kg Blueberry Muesli,12,North,6505,ST,9.00,58545.00,EUR
"{'id': ""http://e05.bi.ucc.cit.tum.de/odata/935/Market('.1~149')"", 'uri': ""http://e05.bi.ucc.cit.tum.de/odata/935/Market('.1~149')"", 'type': 'ZCDS_ODATA_SIMULATION_SRV.Market'}",.1~149,149,JJ,Market,02,6,1kg Blueberry Muesli,12,South,13193,ST,8.04,105192.00,EUR
"{'id': ""http://e05.bi.ucc.cit.tum.de/odata/935/Market('.1~150')"", 'uri': ""http://e05.bi.ucc.cit.tum.de/odata/935/Market('.1~150')"", 'type': 'ZCDS_ODATA_SIMULATION_SRV.Market'}",.1~150,150,JJ,Market,02,6,1kg Blueberry Muesli,12,West,12778,ST,8.59,108283.50,EUR
"{'id': ""http://e05.bi.ucc.cit.tum.de/odata/935/Market('.1~151')"", 'uri': ""http://e05.bi.ucc.cit.tum.de/odata/935/Market('.1~151')"", 'type': 'ZCDS_ODATA_SIMULATION_SRV.Market'}",.1~151,151,JJ,Market,02,6,1kg Nut Muesli,12,North,5582,ST,9.00,50238.00,EUR
"{'id': ""http://e05.bi.ucc.cit.tum.de/odata/935/Market('.1~152')"", 'uri': ""http://e05.bi.ucc.cit.tum.de/odata/935/Market('.1~152')"", 'type': 'ZCDS_ODATA_SIMULATION_SRV.Market'}",.1~152,152,JJ,Market,02,6,1kg Nut Muesli,12,South,5758,ST,9.00,51822.00,EUR
"{'id': ""http://e05.bi.ucc.cit.tum.de/odata/935/Market('.1~153')"", 'uri': ""http://e05.bi.ucc.cit.tum.de/odata/935/Market('.1~153')"", 'type': 'ZCDS_ODATA_SIMULATION_SRV.Market'}",.1~153,153,JJ,Market,02,6,1kg Nut Muesli,12,West,2471,ST,9.00,22239.00,EUR
"{'id': ""http://e05.bi.ucc.cit.tum.de/odata/935/Market('.1~154')"", 'uri': ""http://e05.bi.ucc.cit.tum.de/odata/935/Market('.1~154')"", 'type': 'ZCDS_ODATA_SIMULATION_SRV.Market'}",.1~154,154,JJ,Market,02,6,1kg Raisin Muesli,12,North,2421,ST,9.00,21789.00,EUR
"{'id': ""http://e05.bi.ucc.cit.tum.de/odata/935/Market('.1~155')"", 'uri': ""http://e05.bi.ucc.cit.tum.de/odata/935/Market('.1~155')"", 'type': 'ZCDS_ODATA_SIMULATION_SRV.Market'}",.1~155,155,JJ,Market,02,6,1kg Strawberry Muesli,12,North,7137,ST,9.00,64233.00,EUR
"{'id': ""http://e05.bi.ucc.cit.tum.de/odata/935/Market('.1~156')"", 'uri': ""http://e05.bi.ucc.cit.tum.de/odata/935/Market('.1~156')"", 'type': 'ZCDS_ODATA_SIMULATION_SRV.Market'}",.1~156,156,JJ,Market,02,6,1kg Strawberry Muesli,12,South,1000,ST,9.00,9000.00,EUR
"{'id': ""http://e05.bi.ucc.cit.tum.de/odata/935/Market('.1~157')"", 'uri': ""http://e05.bi.ucc.cit.tum.de/odata/935/Market('.1~157')"", 'type': 'ZCDS_ODATA_SIMULATION_SRV.Market'}",.1~157,157,JJ,Market,02,6,500g Blueberry Muesli,12,North,5211,ST,6.37,34492.00,EUR
"{'id': ""http://e05.bi.ucc.cit.tum.de/odata/935/Market('.1~158')"", 'uri': ""http://e05.bi.ucc.cit.tum.de/odata/935/Market('.1~158')"", 'type': 'ZCDS_ODATA_SIMULATION_SRV.Market'}",.1~158,158,JJ,Market,02,6,500g Blueberry Muesli,12,South,12044,ST,5.16,61915.60,EUR
"{'id': ""http://e05.bi.ucc.cit.tum.de/odata/935/Market('.1~159')"", 'uri': ""http://e05.bi.ucc.cit.tum.de/odata/935/Market('.1~159')"", 'type': 'ZCDS_ODATA_SIMULATION_SRV.Market'}",.1~159,159,JJ,Market,02,6,500g Blueberry Muesli,12,West,11737,ST,6.10,70474.39,EUR
"{'id': ""http://e05.bi.ucc.cit.tum.de/odata/935/Market('.1~160')"", 'uri': ""http://e05.bi.ucc.cit.tum.de/odata/935/Market('.1~160')"", 'type': 'ZCDS_ODATA_SIMULATION_SRV.Market'}",.1~160,160,JJ,Market,02,6,500g Mixed Fruit Muesli,12,North,7786,ST,5.44,41135.92,EUR
"{'id': ""http://e05.bi.ucc.cit.tum.de/odata/935/Market('.1~161')"", 'uri': ""http://e05.bi.ucc.cit.tum.de/odata/935/Market('.1~161')"", 'type': 'ZCDS_ODATA_SIMULATION_SRV.Market'}",.1~161,161,JJ,Market,02,6,500g Mixed Fruit Muesli,12,South,8406,ST,5.44,44225.84,EUR
"{'id': ""http://e05.bi.ucc.cit.tum.de/odata/935/Market('.1~162')"", 'uri': ""http://e05.bi.ucc.cit.tum.de/odata/935/Market('.1~162')"", 'type': 'ZCDS_ODATA_SIMULATION_SRV.Market'}",.1~162,162,JJ,Market,02,6,500g Mixed Fruit Muesli,12,West,6191,ST,5.44,33798.12,EUR
"{'id': ""http://e05.bi.ucc.cit.tum.de/odata/935/Market('.1~163')"", 'uri': ""http://e05.bi.ucc.cit.tum.de/odata/935/Market('.1~163')"", 'type': 'ZCDS_ODATA_SIMULATION_SRV.Market'}",.1~163,163,JJ,Market,02,6,500g Nut Muesli,12,North,6308,ST,6.37,40226.00,EUR
"{'id': ""http://e05.bi.ucc.cit.tum.de/odata/935/Market('.1~164')"", 'uri': ""http://e05.bi.ucc.cit.tum.de/odata/935/Market('.1~164')"", 'type': 'ZCDS_ODATA_SIMULATION_SRV.Market'}",.1~164,164,JJ,Market,02,6,500g Nut Muesli,12,South,1465,ST,7.00,10255.00,EUR
"{'id': ""http://e05.bi.ucc.cit.tum.de/odata/935/Market('.1~165')"", 'uri': ""http://e05.bi.ucc.cit.tum.de/odata/935/Market('.1~165')"", 'type': 'ZCDS_ODATA_SIMULATION_SRV.Market'}",.1~165,165,JJ,Market,02,6,500g Nut Muesli,12,West,1712,ST,7.00,11984.00,EUR
"{'id': ""http://e05.bi.ucc.cit.tum.de/odata/935/Market('.1~166')"", 'uri': ""http://e05.bi.ucc.cit.tum.de/odata/935/Market('.1~166')"", 'type': 'ZCDS_ODATA_SIMULATION_SRV.Market'}",.1~166,166,JJ,Market,02,6,500g Original Muesli,12,South,2059,ST,4.50,9265.50,EUR
"{'id': ""http://e05.bi.ucc.cit.tum.de/odata/935/Market('.1~167')"", 'uri': ""http://e05.bi.ucc.cit.tum.de/odata/935/Market('.1~167')"", 'type': 'ZCDS_ODATA_SIMULATION_SRV.Market'}",.1~167,167,JJ,Market,02,6,500g Raisin Muesli,12,South,6501,ST,5.33,33442.00,EUR
"{'id': ""http://e05.bi.ucc.cit.tum.de/odata/935/Market('.1~168')"", 'uri': ""http://e05.bi.ucc.cit.tum.de/odata/935/Market('.1~168')"", 'type': 'ZCDS_ODATA_SIMULATION_SRV.Market'}",.1~168,168,JJ,Market,02,6,500g Raisin Muesli,12,West,10105,ST,5.00,49207.50,EUR
"{'id': ""http://e05.bi.ucc.cit.tum.de/odata/935/Market('.1~169')"", 'uri': ""http://e05.bi.ucc.cit.tum.de/odata/935/Market('.1~169')"", 'type': 'ZCDS_ODATA_SIMULATION_SRV.Market'}",.1~169,169,JJ,Market,02,6,500g Strawberry Muesli,12,North,15398,ST,4.85,72528.50,EUR
"{'id': ""http://e05.bi.ucc.cit.tum.de/odata/935/Market('.1~170')"", 'uri': ""http://e05.bi.ucc.cit.tum.de/odata/935/Market('.1~170')"", 'type': 'ZCDS_ODATA_SIMULATION_SRV.Market'}",.1~170,170,JJ,Market,02,6,500g Strawberry Muesli,12,South,18455,ST,6.00,105612.50,EUR
"{'id': ""http://e05.bi.ucc.cit.tum.de/odata/935/Market('.1~171')"", 'uri': ""http://e05.bi.ucc.cit.tum.de/odata/935/Market('.1~171')"", 'type': 'ZCDS_ODATA_SIMULATION_SRV.Market'}",.1~171,171,JJ,Market,02,6,500g Strawberry Muesli,12,West,12530,ST,4.85,57182.50,EUR
"{'id': ""http://e05.bi.ucc.cit.tum.de/odata/935/Market('.1~172')"", 'uri': ""http://e05.bi.ucc.cit.tum.de/odata/935/Market('.1~172')"", 'type': 'ZCDS_ODATA_SIMULATION_SRV.Market'}",.1~172,172,JJ,Market,02,6,500g Blueberry Muesli,14,North,14082,ST,4.57,62691.42,EUR
"{'id': ""http://e05.bi.ucc.cit.tum.de/odata/935/Market('.1~173')"", 'uri': ""http://e05.bi.ucc.cit.tum.de/odata/935/Market('.1~173')"", 'type': 'ZCDS_ODATA_SIMULATION_SRV.Market'}",.1~173,173,JJ,Market,02,6,500g Blueberry Muesli,14,South,19669,ST,4.23,83199.87,EUR
"{'id': ""http://e05.bi.ucc.cit.tum.de/odata/935/Market('.1~174')"", 'uri': ""http://e05.bi.ucc.cit.tum.de/odata/935/Market('.1~174')"", 'type': 'ZCDS_ODATA_SIMULATION_SRV.Market'}",.1~174,174,JJ,Market,02,6,500g Blueberry Muesli,14,West,16105,ST,4.23,68124.15,EUR
"{'id': ""http://e05.bi.ucc.cit.tum.de/odata/935/Market('.1~175')"", 'uri': ""http://e05.bi.ucc.cit.tum.de/odata/935/Market('.1~175')"", 'type': 'ZCDS_ODATA_SIMULATION_SRV.Market'}",.1~175,175,JJ,Market,02,6,500g Mixed Fruit Muesli,14,North,7887,ST,4.13,32573.31,EUR
"{'id': ""http://e05.bi.ucc.cit.tum.de/odata/935/Market('.1~176')"", 'uri': ""http://e05.bi.ucc.cit.tum.de/odata/935/Market('.1~176')"", 'type': 'ZCDS_ODATA_SIMULATION_SRV.Market'}",.1~176,176,JJ,Market,02,6,500g Mixed Fruit Muesli,14,South,8727,ST,4.70,38883.81,EUR
"{'id': ""http://e05.bi.ucc.cit.tum.de/odata/935/Market('.1~177')"", 'uri': ""http://e05.bi.ucc.cit.tum.de/odata/935/Market('.1~177')"", 'type': 'ZCDS_ODATA_SIMULATION_SRV.Market'}",.1~177,177,JJ,Market,02,6,500g Mixed Fruit Muesli,14,West,8631,ST,4.70,39138.82,EUR
"{'id': ""http://e05.bi.ucc.cit.tum.de/odata/935/Market('.1~178')"", 'uri': ""http://e05.bi.ucc.cit.tum.de/odata/935/Market('.1~178')"", 'type': 'ZCDS_ODATA_SIMULATION_SRV.Market'}",.1~178,178,JJ,Market,02,6,500g Nut Muesli,14,North,1085,ST,7.00,7595.00,EUR
"{'id': ""http://e05.bi.ucc.cit.tum.de/odata/935/Market('.1~179')"", 'uri': ""http://e05.bi.ucc.cit.tum.de/odata/935/Market('.1~179')"", 'type': 'ZCDS_ODATA_SIMULATION_SRV.Market'}",.1~179,179,JJ,Market,02,6,500g Original Muesli,14,North,7491,ST,3.77,28241.07,EUR
"{'id': ""http://e05.bi.ucc.cit.tum.de/odata/935/Market('.1~180')"", 'uri': ""http://e05.bi.ucc.cit.tum.de/odata/935/Market('.1~180')"", 'type': 'ZCDS_ODATA_SIMULATION_SRV.Market'}",.1~180,180,JJ,Market,02,6,500g Original Muesli,14,South,3930,ST,3.77,14816.10,EUR
"{'id': ""http://e05.bi.ucc.cit.tum.de/odata/935/Market('.1~181')"", 'uri': ""http://e05.bi.ucc.cit.tum.de/odata/935/Market('.1~181')"", 'type': 'ZCDS_ODATA_SIMULATION_SRV.Market'}",.1~181,181,JJ,Market,02,6,500g Raisin Muesli,14,North,1768,ST,5.00,8840.00,EUR
"{'id': ""http://e05.bi.ucc.cit.tum.de/odata/935/Market('.1~182')"", 'uri': ""http://e05.bi.ucc.cit.tum.de/odata/935/Market('.1~182')"", 'type': 'ZCDS_ODATA_SIMULATION_SRV.Market'}",.1~182,182,JJ,Market,02,6,500g Raisin Muesli,14,South,9513,ST,5.00,47565.00,EUR
"{'id': ""http://e05.bi.ucc.cit.tum.de/odata/935/Market('.1~183')"", 'uri': ""http://e05.bi.ucc.cit.tum.de/odata/935/Market('.1~183')"", 'type': 'ZCDS_ODATA_SIMULATION_SRV.Market'}",.1~183,183,JJ,Market,02,6,500g Raisin Muesli,14,West,4971,ST,5.00,24855.00,EUR
"{'id': ""http://e05.bi.ucc.cit.tum.de/odata/935/Market('.1~184')"", 'uri': ""http://e05.bi.ucc.cit.tum.de/odata/935/Market('.1~184')"", 'type': 'ZCDS_ODATA_SIMULATION_SRV.Market'}",.1~184,184,JJ,Market,02,6,500g Strawberry Muesli,14,North,5349,ST,5.50,29045.00,EUR
"{'id': ""http://e05.bi.ucc.cit.tum.de/odata/935/Market('.1~185')"", 'uri': ""http://e05.bi.ucc.cit.tum.de/odata/935/Market('.1~185')"", 'type': 'ZCDS_ODATA_SIMULATION_SRV.Market'}",.1~185,185,JJ,Market,02,6,500g Strawberry Muesli,14,South,2997,ST,5.61,15527.64,EUR
"{'id': ""http://e05.bi.ucc.cit.tum.de/odata/935/Market('.1~186')"", 'uri': ""http://e05.bi.ucc.cit.tum.de/odata/935/Market('.1~186')"", 'type': 'ZCDS_ODATA_SIMULATION_SRV.Market'}",.1~186,186,JJ,Market,02,7,1kg Blueberry Muesli,10,South,5797,ST,5.26,30492.22,EUR
"{'id': ""http://e05.bi.ucc.cit.tum.de/odata/935/Market('.1~187')"", 'uri': ""http://e05.bi.ucc.cit.tum.de/odata/935/Market('.1~187')"", 'type': 'ZCDS_ODATA_SIMULATION_SRV.Market'}",.1~187,187,JJ,Market,02,7,1kg Nut Muesli,10,North,4144,ST,7.00,29008.00,EUR
"{'id': ""http://e05.bi.ucc.cit.tum.de/odata/935/Market('.1~188')"", 'uri': ""http://e05.bi.ucc.cit.tum.de/odata/935/Market('.1~188')"", 'type': 'ZCDS_ODATA_SIMULATION_SRV.Market'}",.1~188,188,JJ,Market,02,7,1kg Nut Muesli,10,South,3277,ST,7.00,22939.00,EUR
"{'id': ""http://e05.bi.ucc.cit.tum.de/odata/935/Market('.1~189')"", 'uri': ""http://e05.bi.ucc.cit.tum.de/odata/935/Market('.1~189')"", 'type': 'ZCDS_ODATA_SIMULATION_SRV.Market'}",.1~189,189,JJ,Market,02,7,1kg Nut Muesli,10,West,5640,ST,7.75,42765.00,EUR
"{'id': ""http://e05.bi.ucc.cit.tum.de/odata/935/Market('.1~190')"", 'uri': ""http://e05.bi.ucc.cit.tum.de/odata/935/Market('.1~190')"", 'type': 'ZCDS_ODATA_SIMULATION_SRV.Market'}",.1~190,190,JJ,Market,02,7,1kg Raisin Muesli,10,South,998,ST,10.00,9980.00,EUR
"{'id': ""http://e05.bi.ucc.cit.tum.de/odata/935/Market('.1~191')"", 'uri': ""http://e05.bi.ucc.cit.tum.de/odata/935/Market('.1~191')"", 'type': 'ZCDS_ODATA_SIMULATION_SRV.Market'}",.1~191,191,JJ,Market,02,7,1kg Raisin Muesli,10,West,1152,ST,10.00,11520.00,EUR
"{'id': ""http://e05.bi.ucc.cit.tum.de/odata/935/Market('.1~192')"", 'uri': ""http://e05.bi.ucc.cit.tum.de/odata/935/Market('.1~192')"", 'type': 'ZCDS_ODATA_SIMULATION_SRV.Market'}",.1~192,192,JJ,Market,02,7,1kg Strawberry Muesli,10,North,6683,ST,6.13,40630.85,EUR
"{'id': ""http://e05.bi.ucc.cit.tum.de/odata/935/Market('.1~193')"", 'uri': ""http://e05.bi.ucc.cit.tum.de/odata/935/Market('.1~193')"", 'type': 'ZCDS_ODATA_SIMULATION_SRV.Market'}",.1~193,193,JJ,Market,02,7,1kg Strawberry Muesli,10,South,14200,ST,5.51,77498.20,EUR
"{'id': ""http://e05.bi.ucc.cit.tum.de/odata/935/Market('.1~194')"", 'uri': ""http://e05.bi.ucc.cit.tum.de/odata/935/Market('.1~194')"", 'type': 'ZCDS_ODATA_SIMULATION_SRV.Market'}",.1~194,194,JJ,Market,02,7,1kg Strawberry Muesli,10,West,8770,ST,5.96,51006.54,EUR
"{'id': ""http://e05.bi.ucc.cit.tum.de/odata/935/Market('.1~195')"", 'uri': ""http://e05.bi.ucc.cit.tum.de/odata/935/Market('.1~195')"", 'type': 'ZCDS_ODATA_SIMULATION_SRV.Market'}",.1~195,195,JJ,Market,02,7,1kg Blueberry Muesli,12,South,1660,ST,7.50,12450.00,EUR
"{'id': ""http://e05.bi.ucc.cit.tum.de/odata/935/Market('.1~196')"", 'uri': ""http://e05.bi.ucc.cit.tum.de/odata/935/Market('.1~196')"", 'type': 'ZCDS_ODATA_SIMULATION_SRV.Market'}",.1~196,196,JJ,Market,02,7,1kg Nut Muesli,12,North,8070,ST,8.00,64560.00,EUR
"{'id': ""http://e05.bi.ucc.cit.tum.de/odata/935/Market('.1~197')"", 'uri': ""http://e05.bi.ucc.cit.tum.de/odata/935/Market('.1~197')"", 'type': 'ZCDS_ODATA_SIMULATION_SRV.Market'}",.1~197,197,JJ,Market,02,7,1kg Nut Muesli,12,South,5278,ST,8.00,42224.00,EUR
"{'id': ""http://e05.bi.ucc.cit.tum.de/odata/935/Market('.1~198')"", 'uri': ""http://e05.bi.ucc.cit.tum.de/odata/935/Market('.1~198')"", 'type': 'ZCDS_ODATA_SIMULATION_SRV.Market'}",.1~198,198,JJ,Market,02,7,1kg Nut Muesli,12,West,9431,ST,8.37,78548.00,EUR
"{'id': ""http://e05.bi.ucc.cit.tum.de/odata/935/Market('.1~199')"", 'uri': ""http://e05.bi.ucc.cit.tum.de/odata/935/Market('.1~199')"", 'type': 'ZCDS_ODATA_SIMULATION_SRV.Market'}",.1~199,199,JJ,Market,02,7,1kg Raisin Muesli,12,North,3737,ST,9.00,33633.00,EUR
"{'id': ""http://e05.bi.ucc.cit.tum.de/odata/935/Market('.1~200')"", 'uri': ""http://e05.bi.ucc.cit.tum.de/odata/935/Market('.1~200')"", 'type': 'ZCDS_ODATA_SIMULATION_SRV.Market'}",.1~200,200,JJ,Market,02,7,1kg Raisin Muesli,12,South,4655,ST,9.00,41895.00,EUR
"{'id': ""http://e05.bi.ucc.cit.tum.de/odata/935/Market('.1~201')"", 'uri': ""http://e05.bi.ucc.cit.tum.de/odata/935/Market('.1~201')"", 'type': 'ZCDS_ODATA_SIMULATION_SRV.Market'}",.1~201,201,JJ,Market,02,7,1kg Raisin Muesli,12,West,4707,ST,9.00,42363.00,EUR
"{'id': ""http://e05.bi.ucc.cit.tum.de/odata/935/Market('.1~202')"", 'uri': ""http://e05.bi.ucc.cit.tum.de/odata/935/Market('.1~202')"", 'type': 'ZCDS_ODATA_SIMULATION_SRV.Market'}",.1~202,202,JJ,Market,02,7,1kg Strawberry Muesli,12,North,16077,ST,7.95,127041.50,EUR
"{'id': ""http://e05.bi.ucc.cit.tum.de/odata/935/Market('.1~203')"", 'uri': ""http://e05.bi.ucc.cit.tum.de/odata/935/Market('.1~203')"", 'type': 'ZCDS_ODATA_SIMULATION_SRV.Market'}",.1~203,203,JJ,Market,02,7,1kg Strawberry Muesli,12,South,3594,ST,9.00,32346.00,EUR
"{'id': ""http://e05.bi.ucc.cit.tum.de/odata/935/Market('.1~204')"", 'uri': ""http://e05.bi.ucc.cit.tum.de/odata/935/Market('.1~204')"", 'type': 'ZCDS_ODATA_SIMULATION_SRV.Market'}",.1~204,204,JJ,Market,02,7,1kg Strawberry Muesli,12,West,15072,ST,7.77,116457.00,EUR
"{'id': ""http://e05.bi.ucc.cit.tum.de/odata/935/Market('.1~205')"", 'uri': ""http://e05.bi.ucc.cit.tum.de/odata/935/Market('.1~205')"", 'type': 'ZCDS_ODATA_SIMULATION_SRV.Market'}",.1~205,205,JJ,Market,02,7,500g Blueberry Muesli,12,North,1454,ST,6.15,9906.00,EUR
"{'id': ""http://e05.bi.ucc.cit.tum.de/odata/935/Market('.1~206')"", 'uri': ""http://e05.bi.ucc.cit.tum.de/odata/935/Market('.1~206')"", 'type': 'ZCDS_ODATA_SIMULATION_SRV.Market'}",.1~206,206,JJ,Market,02,7,500g Blueberry Muesli,12,South,8269,ST,5.78,46793.11,EUR
"{'id': ""http://e05.bi.ucc.cit.tum.de/odata/935/Market('.1~207')"", 'uri': ""http://e05.bi.ucc.cit.tum.de/odata/935/Market('.1~207')"", 'type': 'ZCDS_ODATA_SIMULATION_SRV.Market'}",.1~207,207,JJ,Market,02,7,500g Blueberry Muesli,12,West,13775,ST,5.20,71806.17,EUR
"{'id': ""http://e05.bi.ucc.cit.tum.de/odata/935/Market('.1~208')"", 'uri': ""http://e05.bi.ucc.cit.tum.de/odata/935/Market('.1~208')"", 'type': 'ZCDS_ODATA_SIMULATION_SRV.Market'}",.1~208,208,JJ,Market,02,7,500g Mixed Fruit Muesli,12,North,23407,ST,4.99,113535.10,EUR
"{'id': ""http://e05.bi.ucc.cit.tum.de/odata/935/Market('.1~209')"", 'uri': ""http://e05.bi.ucc.cit.tum.de/odata/935/Market('.1~209')"", 'type': 'ZCDS_ODATA_SIMULATION_SRV.Market'}",.1~209,209,JJ,Market,02,7,500g Mixed Fruit Muesli,12,South,10679,ST,5.00,52275.50,EUR
"{'id': ""http://e05.bi.ucc.cit.tum.de/odata/935/Market('.1~210')"", 'uri': ""http://e05.bi.ucc.cit.tum.de/odata/935/Market('.1~210')"", 'type': 'ZCDS_ODATA_SIMULATION_SRV.Market'}",.1~210,210,JJ,Market,02,7,500g Mixed Fruit Muesli,12,West,4627,ST,4.50,20821.50,EUR
"{'id': ""http://e05.bi.ucc.cit.tum.de/odata/935/Market('.1~211')"", 'uri': ""http://e05.bi.ucc.cit.tum.de/odata/935/Market('.1~211')"", 'type': 'ZCDS_ODATA_SIMULATION_SRV.Market'}",.1~211,211,JJ,Market,02,7,500g Nut Muesli,12,North,3145,ST,7.00,22015.00,EUR
"{'id': ""http://e05.bi.ucc.cit.tum.de/odata/935/Market('.1~212')"", 'uri': ""http://e05.bi.ucc.cit.tum.de/odata/935/Market('.1~212')"", 'type': 'ZCDS_ODATA_SIMULATION_SRV.Market'}",.1~212,212,JJ,Market,02,7,500g Nut Muesli,12,West,3123,ST,7.00,21861.00,EUR
"{'id': ""http://e05.bi.ucc.cit.tum.de/odata/935/Market('.1~213')"", 'uri': ""http://e05.bi.ucc.cit.tum.de/odata/935/Market('.1~213')"", 'type': 'ZCDS_ODATA_SIMULATION_SRV.Market'}",.1~213,213,JJ,Market,02,7,500g Original Muesli,12,North,8698,ST,4.50,39141.00,EUR
"{'id': ""http://e05.bi.ucc.cit.tum.de/odata/935/Market('.1~214')"", 'uri': ""http://e05.bi.ucc.cit.tum.de/odata/935/Market('.1~214')"", 'type': 'ZCDS_ODATA_SIMULATION_SRV.Market'}",.1~214,214,JJ,Market,02,7,500g Original Muesli,12,South,5515,ST,4.00,21476.50,EUR
"{'id': ""http://e05.bi.ucc.cit.tum.de/odata/935/Market('.1~215')"", 'uri': ""http://e05.bi.ucc.cit.tum.de/odata/935/Market('.1~215')"", 'type': 'ZCDS_ODATA_SIMULATION_SRV.Market'}",.1~215,215,JJ,Market,02,7,500g Original Muesli,12,West,15435,ST,3.50,54022.50,EUR
"{'id': ""http://e05.bi.ucc.cit.tum.de/odata/935/Market('.1~216')"", 'uri': ""http://e05.bi.ucc.cit.tum.de/odata/935/Market('.1~216')"", 'type': 'ZCDS_ODATA_SIMULATION_SRV.Market'}",.1~216,216,JJ,Market,02,7,500g Raisin Muesli,12,North,2459,ST,4.50,11065.50,EUR
"{'id': ""http://e05.bi.ucc.cit.tum.de/odata/935/Market('.1~217')"", 'uri': ""http://e05.bi.ucc.cit.tum.de/odata/935/Market('.1~217')"", 'type': 'ZCDS_ODATA_SIMULATION_SRV.Market'}",.1~217,217,JJ,Market,02,7,500g Raisin Muesli,12,South,5702,ST,6.16,33559.00,EUR
"{'id': ""http://e05.bi.ucc.cit.tum.de/odata/935/Market('.1~218')"", 'uri': ""http://e05.bi.ucc.cit.tum.de/odata/935/Market('.1~218')"", 'type': 'ZCDS_ODATA_SIMULATION_SRV.Market'}",.1~218,218,JJ,Market,02,7,500g Strawberry Muesli,12,North,10527,ST,6.29,64789.24,EUR
"{'id': ""http://e05.bi.ucc.cit.tum.de/odata/935/Market('.1~219')"", 'uri': ""http://e05.bi.ucc.cit.tum.de/odata/935/Market('.1~219')"", 'type': 'ZCDS_ODATA_SIMULATION_SRV.Market'}",.1~219,219,JJ,Market,02,7,500g Strawberry Muesli,12,South,13455,ST,5.18,66114.08,EUR
"{'id': ""http://e05.bi.ucc.cit.tum.de/odata/935/Market('.1~220')"", 'uri': ""http://e05.bi.ucc.cit.tum.de/odata/935/Market('.1~220')"", 'type': 'ZCDS_ODATA_SIMULATION_SRV.Market'}",.1~220,220,JJ,Market,02,7,500g Strawberry Muesli,12,West,3904,ST,5.59,23478.12,EUR
"{'id': ""http://e05.bi.ucc.cit.tum.de/odata/935/Market('.1~221')"", 'uri': ""http://e05.bi.ucc.cit.tum.de/odata/935/Market('.1~221')"", 'type': 'ZCDS_ODATA_SIMULATION_SRV.Market'}",.1~221,221,JJ,Market,02,7,500g Blueberry Muesli,14,North,18559,ST,4.23,78504.57,EUR
"{'id': ""http://e05.bi.ucc.cit.tum.de/odata/935/Market('.1~222')"", 'uri': ""http://e05.bi.ucc.cit.tum.de/odata/935/Market('.1~222')"", 'type': 'ZCDS_ODATA_SIMULATION_SRV.Market'}",.1~222,222,JJ,Market,02,7,500g Blueberry Muesli,14,South,18070,ST,4.48,79161.78,EUR
"{'id': ""http://e05.bi.ucc.cit.tum.de/odata/935/Market('.1~223')"", 'uri': ""http://e05.bi.ucc.cit.tum.de/odata/935/Market('.1~223')"", 'type': 'ZCDS_ODATA_SIMULATION_SRV.Market'}",.1~223,223,JJ,Market,02,7,500g Blueberry Muesli,14,West,9771,ST,4.69,44145.65,EUR
"{'id': ""http://e05.bi.ucc.cit.tum.de/odata/935/Market('.1~224')"", 'uri': ""http://e05.bi.ucc.cit.tum.de/odata/935/Market('.1~224')"", 'type': 'ZCDS_ODATA_SIMULATION_SRV.Market'}",.1~224,224,JJ,Market,02,7,500g Mixed Fruit Muesli,14,North,4811,ST,4.71,22385.47,EUR
"{'id': ""http://e05.bi.ucc.cit.tum.de/odata/935/Market('.1~225')"", 'uri': ""http://e05.bi.ucc.cit.tum.de/odata/935/Market('.1~225')"", 'type': 'ZCDS_ODATA_SIMULATION_SRV.Market'}",.1~225,225,JJ,Market,02,7,500g Mixed Fruit Muesli,14,South,4595,ST,4.71,21918.82,EUR
"{'id': ""http://e05.bi.ucc.cit.tum.de/odata/935/Market('.1~226')"", 'uri': ""http://e05.bi.ucc.cit.tum.de/odata/935/Market('.1~226')"", 'type': 'ZCDS_ODATA_SIMULATION_SRV.Market'}",.1~226,226,JJ,Market,02,7,500g Mixed Fruit Muesli,14,West,2824,ST,4.56,13063.82,EUR
"{'id': ""http://e05.bi.ucc.cit.tum.de/odata/935/Market('.1~227')"", 'uri': ""http://e05.bi.ucc.cit.tum.de/odata/935/Market('.1~227')"", 'type': 'ZCDS_ODATA_SIMULATION_SRV.Market'}",.1~227,227,JJ,Market,02,7,500g Original Muesli,14,North,2167,ST,3.77,8169.59,EUR
"{'id': ""http://e05.bi.ucc.cit.tum.de/odata/935/Market('.1~228')"", 'uri': ""http://e05.bi.ucc.cit.tum.de/odata/935/Market('.1~228')"", 'type': 'ZCDS_ODATA_SIMULATION_SRV.Market'}",.1~228,228,JJ,Market,02,7,500g Original Muesli,14,South,1807,ST,3.77,6812.39,EUR
"{'id': ""http://e05.bi.ucc.cit.tum.de/odata/935/Market('.1~229')"", 'uri': ""http://e05.bi.ucc.cit.tum.de/odata/935/Market('.1~229')"", 'type': 'ZCDS_ODATA_SIMULATION_SRV.Market'}",.1~229,229,JJ,Market,02,7,500g Raisin Muesli,14,West,1310,ST,5.00,6550.00,EUR
"{'id': ""http://e05.bi.ucc.cit.tum.de/odata/935/Market('.1~230')"", 'uri': ""http://e05.bi.ucc.cit.tum.de/odata/935/Market('.1~230')"", 'type': 'ZCDS_ODATA_SIMULATION_SRV.Market'}",.1~230,230,JJ,Market,02,7,500g Strawberry Muesli,14,North,22461,ST,4.23,95010.03,EUR
"{'id': ""http://e05.bi.ucc.cit.tum.de/odata/935/Market('.1~231')"", 'uri': ""http://e05.bi.ucc.cit.tum.de/odata/935/Market('.1~231')"", 'type': 'ZCDS_ODATA_SIMULATION_SRV.Market'}",.1~231,231,JJ,Market,02,7,500g Strawberry Muesli,14,South,12635,ST,4.23,53446.05,EUR
"{'id': ""http://e05.bi.ucc.cit.tum.de/odata/935/Market('.1~232')"", 'uri': ""http://e05.bi.ucc.cit.tum.de/odata/935/Market('.1~232')"", 'type': 'ZCDS_ODATA_SIMULATION_SRV.Market'}",.1~232,232,JJ,Market,02,7,500g Strawberry Muesli,14,West,29826,ST,4.23,126163.98,EUR
"{'id': ""http://e05.bi.ucc.cit.tum.de/odata/935/Market('.1~233')"", 'uri': ""http://e05.bi.ucc.cit.tum.de/odata/935/Market('.1~233')"", 'type': 'ZCDS_ODATA_SIMULATION_SRV.Market'}",.1~233,233,JJ,Market,02,8,1kg Blueberry Muesli,10,North,7683,ST,7.00,53781.00,EUR
"{'id': ""http://e05.bi.ucc.cit.tum.de/odata/935/Market('.1~234')"", 'uri': ""http://e05.bi.ucc.cit.tum.de/odata/935/Market('.1~234')"", 'type': 'ZCDS_ODATA_SIMULATION_SRV.Market'}",.1~234,234,JJ,Market,02,8,1kg Blueberry Muesli,10,South,5849,ST,7.00,40943.00,EUR
"{'id': ""http://e05.bi.ucc.cit.tum.de/odata/935/Market('.1~235')"", 'uri': ""http://e05.bi.ucc.cit.tum.de/odata/935/Market('.1~235')"", 'type': 'ZCDS_ODATA_SIMULATION_SRV.Market'}",.1~235,235,JJ,Market,02,8,1kg Blueberry Muesli,10,West,4177,ST,7.00,29239.00,EUR
"{'id': ""http://e05.bi.ucc.cit.tum.de/odata/935/Market('.1~236')"", 'uri': ""http://e05.bi.ucc.cit.tum.de/odata/935/Market('.1~236')"", 'type': 'ZCDS_ODATA_SIMULATION_SRV.Market'}",.1~236,236,JJ,Market,02,8,1kg Nut Muesli,10,North,7082,ST,4.61,32648.02,EUR
"{'id': ""http://e05.bi.ucc.cit.tum.de/odata/935/Market('.1~237')"", 'uri': ""http://e05.bi.ucc.cit.tum.de/odata/935/Market('.1~237')"", 'type': 'ZCDS_ODATA_SIMULATION_SRV.Market'}",.1~237,237,JJ,Market,02,8,1kg Nut Muesli,10,South,14274,ST,4.61,65803.14,EUR
"{'id': ""http://e05.bi.ucc.cit.tum.de/odata/935/Market('.1~238')"", 'uri': ""http://e05.bi.ucc.cit.tum.de/odata/935/Market('.1~238')"", 'type': 'ZCDS_ODATA_SIMULATION_SRV.Market'}",.1~238,238,JJ,Market,02,8,1kg Nut Muesli,10,West,15304,ST,4.95,74110.15,EUR
"{'id': ""http://e05.bi.ucc.cit.tum.de/odata/935/Market('.1~239')"", 'uri': ""http://e05.bi.ucc.cit.tum.de/odata/935/Market('.1~239')"", 'type': 'ZCDS_ODATA_SIMULATION_SRV.Market'}",.1~239,239,JJ,Market,02,8,1kg Original Muesli,10,North,1315,ST,7.00,9205.00,EUR
"{'id': ""http://e05.bi.ucc.cit.tum.de/odata/935/Market('.1~240')"", 'uri': ""http://e05.bi.ucc.cit.tum.de/odata/935/Market('.1~240')"", 'type': 'ZCDS_ODATA_SIMULATION_SRV.Market'}",.1~240,240,JJ,Market,02,8,1kg Raisin Muesli,10,North,2913,ST,7.00,20391.00,EUR
"{'id': ""http://e05.bi.ucc.cit.tum.de/odata/935/Market('.1~241')"", 'uri': ""http://e05.bi.ucc.cit.tum.de/odata/935/Market('.1~241')"", 'type': 'ZCDS_ODATA_SIMULATION_SRV.Market'}",.1~241,241,JJ,Market,02,8,1kg Raisin Muesli,10,West,1528,ST,7.00,10696.00,EUR
"{'id': ""http://e05.bi.ucc.cit.tum.de/odata/935/Market('.1~242')"", 'uri': ""http://e05.bi.ucc.cit.tum.de/odata/935/Market('.1~242')"", 'type': 'ZCDS_ODATA_SIMULATION_SRV.Market'}",.1~242,242,JJ,Market,02,8,1kg Strawberry Muesli,10,North,5706,ST,7.00,39942.00,EUR
"{'id': ""http://e05.bi.ucc.cit.tum.de/odata/935/Market('.1~243')"", 'uri': ""http://e05.bi.ucc.cit.tum.de/odata/935/Market('.1~243')"", 'type': 'ZCDS_ODATA_SIMULATION_SRV.Market'}",.1~243,243,JJ,Market,02,8,1kg Strawberry Muesli,10,South,6577,ST,7.00,46039.00,EUR
"{'id': ""http://e05.bi.ucc.cit.tum.de/odata/935/Market('.1~244')"", 'uri': ""http://e05.bi.ucc.cit.tum.de/odata/935/Market('.1~244')"", 'type': 'ZCDS_ODATA_SIMULATION_SRV.Market'}",.1~244,244,JJ,Market,02,8,1kg Strawberry Muesli,10,West,3163,ST,7.00,22141.00,EUR
"{'id': ""http://e05.bi.ucc.cit.tum.de/odata/935/Market('.1~245')"", 'uri': ""http://e05.bi.ucc.cit.tum.de/odata/935/Market('.1~245')"", 'type': 'ZCDS_ODATA_SIMULATION_SRV.Market'}",.1~245,245,JJ,Market,02,8,1kg Blueberry Muesli,12,North,9376,ST,8.62,80567.00,EUR
"{'id': ""http://e05.bi.ucc.cit.tum.de/odata/935/Market('.1~246')"", 'uri': ""http://e05.bi.ucc.cit.tum.de/odata/935/Market('.1~246')"", 'type': 'ZCDS_ODATA_SIMULATION_SRV.Market'}",.1~246,246,JJ,Market,02,8,1kg Blueberry Muesli,12,South,11972,ST,8.50,101287.00,EUR
"{'id': ""http://e05.bi.ucc.cit.tum.de/odata/935/Market('.1~247')"", 'uri': ""http://e05.bi.ucc.cit.tum.de/odata/935/Market('.1~247')"", 'type': 'ZCDS_ODATA_SIMULATION_SRV.Market'}",.1~247,247,JJ,Market,02,8,1kg Blueberry Muesli,12,West,14337,ST,8.18,117020.00,EUR
"{'id': ""http://e05.bi.ucc.cit.tum.de/odata/935/Market('.1~248')"", 'uri': ""http://e05.bi.ucc.cit.tum.de/odata/935/Market('.1~248')"", 'type': 'ZCDS_ODATA_SIMULATION_SRV.Market'}",.1~248,248,JJ,Market,02,8,1kg Nut Muesli,12,North,7247,ST,8.83,63784.00,EUR
"{'id': ""http://e05.bi.ucc.cit.tum.de/odata/935/Market('.1~249')"", 'uri': ""http://e05.bi.ucc.cit.tum.de/odata/935/Market('.1~249')"", 'type': 'ZCDS_ODATA_SIMULATION_SRV.Market'}",.1~249,249,JJ,Market,02,8,1kg Nut Muesli,12,South,12344,ST,8.80,108394.00,EUR
"{'id': ""http://e05.bi.ucc.cit.tum.de/odata/935/Market('.1~250')"", 'uri': ""http://e05.bi.ucc.cit.tum.de/odata/935/Market('.1~250')"", 'type': 'ZCDS_ODATA_SIMULATION_SRV.Market'}",.1~250,250,JJ,Market,02,8,1kg Nut Muesli,12,West,6416,ST,8.66,55019.00,EUR
"{'id': ""http://e05.bi.ucc.cit.tum.de/odata/935/Market('.1~251')"", 'uri': ""http://e05.bi.ucc.cit.tum.de/odata/935/Market('.1~251')"", 'type': 'ZCDS_ODATA_SIMULATION_SRV.Market'}",.1~251,251,JJ,Market,02,8,1kg Raisin Muesli,12,North,5820,ST,8.50,48683.00,EUR
"{'id': ""http://e05.bi.ucc.cit.tum.de/odata/935/Market('.1~252')"", 'uri': ""http://e05.bi.ucc.cit.tum.de/odata/935/Market('.1~252')"", 'type': 'ZCDS_ODATA_SIMULATION_SRV.Market'}",.1~252,252,JJ,Market,02,8,1kg Raisin Muesli,12,South,3113,ST,8.33,25111.00,EUR
"{'id': ""http://e05.bi.ucc.cit.tum.de/odata/935/Market('.1~253')"", 'uri': ""http://e05.bi.ucc.cit.tum.de/odata/935/Market('.1~253')"", 'type': 'ZCDS_ODATA_SIMULATION_SRV.Market'}",.1~253,253,JJ,Market,02,8,1kg Raisin Muesli,12,West,1414,ST,8.00,11312.00,EUR
"{'id': ""http://e05.bi.ucc.cit.tum.de/odata/935/Market('.1~254')"", 'uri': ""http://e05.bi.ucc.cit.tum.de/odata/935/Market('.1~254')"", 'type': 'ZCDS_ODATA_SIMULATION_SRV.Market'}",.1~254,254,JJ,Market,02,8,1kg Strawberry Muesli,12,North,7058,ST,8.16,56999.00,EUR
"{'id': ""http://e05.bi.ucc.cit.tum.de/odata/935/Market('.1~255')"", 'uri': ""http://e05.bi.ucc.cit.tum.de/odata/935/Market('.1~255')"", 'type': 'ZCDS_ODATA_SIMULATION_SRV.Market'}",.1~255,255,JJ,Market,02,8,1kg Strawberry Muesli,12,South,7995,ST,8.28,65366.00,EUR
"{'id': ""http://e05.bi.ucc.cit.tum.de/odata/935/Market('.1~256')"", 'uri': ""http://e05.bi.ucc.cit.tum.de/odata/935/Market('.1~256')"", 'type': 'ZCDS_ODATA_SIMULATION_SRV.Market'}",.1~256,256,JJ,Market,02,8,1kg Strawberry Muesli,12,West,2565,ST,8.50,21747.00,EUR
"{'id': ""http://e05.bi.ucc.cit.tum.de/odata/935/Market('.1~257')"", 'uri': ""http://e05.bi.ucc.cit.tum.de/odata/935/Market('.1~257')"", 'type': 'ZCDS_ODATA_SIMULATION_SRV.Market'}",.1~257,257,JJ,Market,02,8,500g Blueberry Muesli,12,North,3833,ST,5.98,22464.47,EUR
"{'id': ""http://e05.bi.ucc.cit.tum.de/odata/935/Market('.1~258')"", 'uri': ""http://e05.bi.ucc.cit.tum.de/odata/935/Market('.1~258')"", 'type': 'ZCDS_ODATA_SIMULATION_SRV.Market'}",.1~258,258,JJ,Market,02,8,500g Blueberry Muesli,12,South,138,ST,7.00,966.00,EUR
"{'id': ""http://e05.bi.ucc.cit.tum.de/odata/935/Market('.1~259')"", 'uri': ""http://e05.bi.ucc.cit.tum.de/odata/935/Market('.1~259')"", 'type': 'ZCDS_ODATA_SIMULATION_SRV.Market'}",.1~259,259,JJ,Market,02,8,500g Blueberry Muesli,12,West,1657,ST,7.00,11599.00,EUR
"{'id': ""http://e05.bi.ucc.cit.tum.de/odata/935/Market('.1~260')"", 'uri': ""http://e05.bi.ucc.cit.tum.de/odata/935/Market('.1~260')"", 'type': 'ZCDS_ODATA_SIMULATION_SRV.Market'}",.1~260,260,JJ,Market,02,8,500g Mixed Fruit Muesli,12,North,1572,ST,7.00,11004.00,EUR
"{'id': ""http://e05.bi.ucc.cit.tum.de/odata/935/Market('.1~261')"", 'uri': ""http://e05.bi.ucc.cit.tum.de/odata/935/Market('.1~261')"", 'type': 'ZCDS_ODATA_SIMULATION_SRV.Market'}",.1~261,261,JJ,Market,02,8,500g Mixed Fruit Muesli,12,South,1312,ST,7.00,9184.00,EUR
"{'id': ""http://e05.bi.ucc.cit.tum.de/odata/935/Market('.1~262')"", 'uri': ""http://e05.bi.ucc.cit.tum.de/odata/935/Market('.1~262')"", 'type': 'ZCDS_ODATA_SIMULATION_SRV.Market'}",.1~262,262,JJ,Market,02,8,500g Mixed Fruit Muesli,12,West,1321,ST,7.00,9247.00,EUR
"{'id': ""http://e05.bi.ucc.cit.tum.de/odata/935/Market('.1~263')"", 'uri': ""http://e05.bi.ucc.cit.tum.de/odata/935/Market('.1~263')"", 'type': 'ZCDS_ODATA_SIMULATION_SRV.Market'}",.1~263,263,JJ,Market,02,8,500g Nut Muesli,12,North,7419,ST,7.00,51933.00,EUR
"{'id': ""http://e05.bi.ucc.cit.tum.de/odata/935/Market('.1~264')"", 'uri': ""http://e05.bi.ucc.cit.tum.de/odata/935/Market('.1~264')"", 'type': 'ZCDS_ODATA_SIMULATION_SRV.Market'}",.1~264,264,JJ,Market,02,8,500g Nut Muesli,12,South,1509,ST,6.80,10261.20,EUR
"{'id': ""http://e05.bi.ucc.cit.tum.de/odata/935/Market('.1~265')"", 'uri': ""http://e05.bi.ucc.cit.tum.de/odata/935/Market('.1~265')"", 'type': 'ZCDS_ODATA_SIMULATION_SRV.Market'}",.1~265,265,JJ,Market,02,8,500g Original Muesli,12,North,10029,ST,3.00,30087.00,EUR
"{'id': ""http://e05.bi.ucc.cit.tum.de/odata/935/Market('.1~266')"", 'uri': ""http://e05.bi.ucc.cit.tum.de/odata/935/Market('.1~266')"", 'type': 'ZCDS_ODATA_SIMULATION_SRV.Market'}",.1~266,266,JJ,Market,02,8,500g Original Muesli,12,South,15545,ST,3.30,50781.50,EUR
"{'id': ""http://e05.bi.ucc.cit.tum.de/odata/935/Market('.1~267')"", 'uri': ""http://e05.bi.ucc.cit.tum.de/odata/935/Market('.1~267')"", 'type': 'ZCDS_ODATA_SIMULATION_SRV.Market'}",.1~267,267,JJ,Market,02,8,500g Original Muesli,12,West,13600,ST,3.35,43247.50,EUR
"{'id': ""http://e05.bi.ucc.cit.tum.de/odata/935/Market('.1~268')"", 'uri': ""http://e05.bi.ucc.cit.tum.de/odata/935/Market('.1~268')"", 'type': 'ZCDS_ODATA_SIMULATION_SRV.Market'}",.1~268,268,JJ,Market,02,8,500g Raisin Muesli,12,North,3388,ST,5.95,19618.90,EUR
"{'id': ""http://e05.bi.ucc.cit.tum.de/odata/935/Market('.1~269')"", 'uri': ""http://e05.bi.ucc.cit.tum.de/odata/935/Market('.1~269')"", 'type': 'ZCDS_ODATA_SIMULATION_SRV.Market'}",.1~269,269,JJ,Market,02,8,500g Raisin Muesli,12,South,7109,ST,4.36,30995.24,EUR
"{'id': ""http://e05.bi.ucc.cit.tum.de/odata/935/Market('.1~270')"", 'uri': ""http://e05.bi.ucc.cit.tum.de/odata/935/Market('.1~270')"", 'type': 'ZCDS_ODATA_SIMULATION_SRV.Market'}",.1~270,270,JJ,Market,02,8,500g Raisin Muesli,12,West,17643,ST,4.32,76117.00,EUR
"{'id': ""http://e05.bi.ucc.cit.tum.de/odata/935/Market('.1~271')"", 'uri': ""http://e05.bi.ucc.cit.tum.de/odata/935/Market('.1~271')"", 'type': 'ZCDS_ODATA_SIMULATION_SRV.Market'}",.1~271,271,JJ,Market,02,8,500g Strawberry Muesli,12,North,5486,ST,5.58,30331.16,EUR
"{'id': ""http://e05.bi.ucc.cit.tum.de/odata/935/Market('.1~272')"", 'uri': ""http://e05.bi.ucc.cit.tum.de/odata/935/Market('.1~272')"", 'type': 'ZCDS_ODATA_SIMULATION_SRV.Market'}",.1~272,272,JJ,Market,02,8,500g Strawberry Muesli,12,South,9008,ST,5.92,53614.92,EUR
"{'id': ""http://e05.bi.ucc.cit.tum.de/odata/935/Market('.1~273')"", 'uri': ""http://e05.bi.ucc.cit.tum.de/odata/935/Market('.1~273')"", 'type': 'ZCDS_ODATA_SIMULATION_SRV.Market'}",.1~273,273,JJ,Market,02,8,500g Strawberry Muesli,12,West,12953,ST,5.40,69960.48,EUR
"{'id': ""http://e05.bi.ucc.cit.tum.de/odata/935/Market('.1~274')"", 'uri': ""http://e05.bi.ucc.cit.tum.de/odata/935/Market('.1~274')"", 'type': 'ZCDS_ODATA_SIMULATION_SRV.Market'}",.1~274,274,JJ,Market,02,8,500g Blueberry Muesli,14,North,2814,ST,5.61,15146.89,EUR
"{'id': ""http://e05.bi.ucc.cit.tum.de/odata/935/Market('.1~275')"", 'uri': ""http://e05.bi.ucc.cit.tum.de/odata/935/Market('.1~275')"", 'type': 'ZCDS_ODATA_SIMULATION_SRV.Market'}",.1~275,275,JJ,Market,02,8,500g Blueberry Muesli,14,South,5886,ST,5.33,30991.78,EUR
"{'id': ""http://e05.bi.ucc.cit.tum.de/odata/935/Market('.1~276')"", 'uri': ""http://e05.bi.ucc.cit.tum.de/odata/935/Market('.1~276')"", 'type': 'ZCDS_ODATA_SIMULATION_SRV.Market'}",.1~276,276,JJ,Market,02,8,500g Blueberry Muesli,14,West,3135,ST,4.23,13261.05,EUR
"{'id': ""http://e05.bi.ucc.cit.tum.de/odata/935/Market('.1~277')"", 'uri': ""http://e05.bi.ucc.cit.tum.de/odata/935/Market('.1~277')"", 'type': 'ZCDS_ODATA_SIMULATION_SRV.Market'}",.1~277,277,JJ,Market,02,8,500g Mixed Fruit Muesli,14,North,621,ST,4.13,2564.73,EUR
"{'id': ""http://e05.bi.ucc.cit.tum.de/odata/935/Market('.1~278')"", 'uri': ""http://e05.bi.ucc.cit.tum.de/odata/935/Market('.1~278')"", 'type': 'ZCDS_ODATA_SIMULATION_SRV.Market'}",.1~278,278,JJ,Market,02,8,500g Mixed Fruit Muesli,14,South,2011,ST,7.00,14077.00,EUR
"{'id': ""http://e05.bi.ucc.cit.tum.de/odata/935/Market('.1~279')"", 'uri': ""http://e05.bi.ucc.cit.tum.de/odata/935/Market('.1~279')"", 'type': 'ZCDS_ODATA_SIMULATION_SRV.Market'}",.1~279,279,JJ,Market,02,8,500g Mixed Fruit Muesli,14,West,981,ST,7.00,6867.00,EUR
"{'id': ""http://e05.bi.ucc.cit.tum.de/odata/935/Market('.1~280')"", 'uri': ""http://e05.bi.ucc.cit.tum.de/odata/935/Market('.1~280')"", 'type': 'ZCDS_ODATA_SIMULATION_SRV.Market'}",.1~280,280,JJ,Market,02,8,500g Nut Muesli,14,North,18016,ST,3.90,70262.40,EUR
"{'id': ""http://e05.bi.ucc.cit.tum.de/odata/935/Market('.1~281')"", 'uri': ""http://e05.bi.ucc.cit.tum.de/odata/935/Market('.1~281')"", 'type': 'ZCDS_ODATA_SIMULATION_SRV.Market'}",.1~281,281,JJ,Market,02,8,500g Nut Muesli,14,South,9846,ST,3.90,38399.40,EUR
"{'id': ""http://e05.bi.ucc.cit.tum.de/odata/935/Market('.1~282')"", 'uri': ""http://e05.bi.ucc.cit.tum.de/odata/935/Market('.1~282')"", 'type': 'ZCDS_ODATA_SIMULATION_SRV.Market'}",.1~282,282,JJ,Market,02,8,500g Nut Muesli,14,West,8002,ST,3.90,31207.80,EUR
"{'id': ""http://e05.bi.ucc.cit.tum.de/odata/935/Market('.1~283')"", 'uri': ""http://e05.bi.ucc.cit.tum.de/odata/935/Market('.1~283')"", 'type': 'ZCDS_ODATA_SIMULATION_SRV.Market'}",.1~283,283,JJ,Market,02,8,500g Original Muesli,14,North,6000,ST,3.77,22620.00,EUR
"{'id': ""http://e05.bi.ucc.cit.tum.de/odata/935/Market('.1~284')"", 'uri': ""http://e05.bi.ucc.cit.tum.de/odata/935/Market('.1~284')"", 'type': 'ZCDS_ODATA_SIMULATION_SRV.Market'}",.1~284,284,JJ,Market,02,8,500g Original Muesli,14,South,2297,ST,3.77,8659.69,EUR
"{'id': ""http://e05.bi.ucc.cit.tum.de/odata/935/Market('.1~285')"", 'uri': ""http://e05.bi.ucc.cit.tum.de/odata/935/Market('.1~285')"", 'type': 'ZCDS_ODATA_SIMULATION_SRV.Market'}",.1~285,285,JJ,Market,02,8,500g Original Muesli,14,West,4214,ST,3.77,15886.78,EUR
"{'id': ""http://e05.bi.ucc.cit.tum.de/odata/935/Market('.1~286')"", 'uri': ""http://e05.bi.ucc.cit.tum.de/odata/935/Market('.1~286')"", 'type': 'ZCDS_ODATA_SIMULATION_SRV.Market'}",.1~286,286,JJ,Market,02,8,500g Raisin Muesli,14,North,13551,ST,3.79,51358.29,EUR
"{'id': ""http://e05.bi.ucc.cit.tum.de/odata/935/Market('.1~287')"", 'uri': ""http://e05.bi.ucc.cit.tum.de/odata/935/Market('.1~287')"", 'type': 'ZCDS_ODATA_SIMULATION_SRV.Market'}",.1~287,287,JJ,Market,02,8,500g Raisin Muesli,14,South,23717,ST,3.79,89887.43,EUR
"{'id': ""http://e05.bi.ucc.cit.tum.de/odata/935/Market('.1~288')"", 'uri': ""http://e05.bi.ucc.cit.tum.de/odata/935/Market('.1~288')"", 'type': 'ZCDS_ODATA_SIMULATION_SRV.Market'}",.1~288,288,JJ,Market,02,8,500g Raisin Muesli,14,West,17160,ST,3.79,65036.40,EUR
"{'id': ""http://e05.bi.ucc.cit.tum.de/odata/935/Market('.1~289')"", 'uri': ""http://e05.bi.ucc.cit.tum.de/odata/935/Market('.1~289')"", 'type': 'ZCDS_ODATA_SIMULATION_SRV.Market'}",.1~289,289,JJ,Market,02,8,500g Strawberry Muesli,14,North,13312,ST,4.57,59027.13,EUR
"{'id': ""http://e05.bi.ucc.cit.tum.de/odata/935/Market('.1~290')"", 'uri': ""http://e05.bi.ucc.cit.tum.de/odata/935/Market('.1~290')"", 'type': 'ZCDS_ODATA_SIMULATION_SRV.Market'}",.1~290,290,JJ,Market,02,8,500g Strawberry Muesli,14,South,8147,ST,4.78,37217.96,EUR
"{'id': ""http://e05.bi.ucc.cit.tum.de/odata/935/Market('.1~291')"", 'uri': ""http://e05.bi.ucc.cit.tum.de/odata/935/Market('.1~291')"", 'type': 'ZCDS_ODATA_SIMULATION_SRV.Market'}",.1~291,291,JJ,Market,02,8,500g Strawberry Muesli,14,West,10738,ST,5.41,54476.87,EUR
"{'id': ""http://e05.bi.ucc.cit.tum.de/odata/935/Market('.1~292')"", 'uri': ""http://e05.bi.ucc.cit.tum.de/odata/935/Market('.1~292')"", 'type': 'ZCDS_ODATA_SIMULATION_SRV.Market'}",.1~292,292,JJ,Market,03,9,1kg Mixed Fruit Muesli,10,North,7624,ST,7.50,56446.00,EUR
"{'id': ""http://e05.bi.ucc.cit.tum.de/odata/935/Market('.1~293')"", 'uri': ""http://e05.bi.ucc.cit.tum.de/odata/935/Market('.1~293')"", 'type': 'ZCDS_ODATA_SIMULATION_SRV.Market'}",.1~293,293,JJ,Market,03,9,1kg Mixed Fruit Muesli,10,South,10829,ST,8.12,84761.00,EUR
"{'id': ""http://e05.bi.ucc.cit.tum.de/odata/935/Market('.1~294')"", 'uri': ""http://e05.bi.ucc.cit.tum.de/odata/935/Market('.1~294')"", 'type': 'ZCDS_ODATA_SIMULATION_SRV.Market'}",.1~294,294,JJ,Market,03,9,1kg Mixed Fruit Muesli,10,West,4265,ST,8.00,33257.00,EUR
"{'id': ""http://e05.bi.ucc.cit.tum.de/odata/935/Market('.1~295')"", 'uri': ""http://e05.bi.ucc.cit.tum.de/odata/935/Market('.1~295')"", 'type': 'ZCDS_ODATA_SIMULATION_SRV.Market'}",.1~295,295,JJ,Market,03,9,1kg Nut Muesli,10,North,919,ST,10.00,9190.00,EUR
"{'id': ""http://e05.bi.ucc.cit.tum.de/odata/935/Market('.1~296')"", 'uri': ""http://e05.bi.ucc.cit.tum.de/odata/935/Market('.1~296')"", 'type': 'ZCDS_ODATA_SIMULATION_SRV.Market'}",.1~296,296,JJ,Market,03,9,1kg Original Muesli,10,North,1521,ST,7.00,10647.00,EUR
"{'id': ""http://e05.bi.ucc.cit.tum.de/odata/935/Market('.1~297')"", 'uri': ""http://e05.bi.ucc.cit.tum.de/odata/935/Market('.1~297')"", 'type': 'ZCDS_ODATA_SIMULATION_SRV.Market'}",.1~297,297,JJ,Market,03,9,1kg Original Muesli,10,South,1551,ST,7.00,10857.00,EUR
"{'id': ""http://e05.bi.ucc.cit.tum.de/odata/935/Market('.1~298')"", 'uri': ""http://e05.bi.ucc.cit.tum.de/odata/935/Market('.1~298')"", 'type': 'ZCDS_ODATA_SIMULATION_SRV.Market'}",.1~298,298,JJ,Market,03,9,1kg Original Muesli,10,West,6550,ST,4.35,28492.50,EUR
"{'id': ""http://e05.bi.ucc.cit.tum.de/odata/935/Market('.1~299')"", 'uri': ""http://e05.bi.ucc.cit.tum.de/odata/935/Market('.1~299')"", 'type': 'ZCDS_ODATA_SIMULATION_SRV.Market'}",.1~299,299,JJ,Market,03,9,1kg Raisin Muesli,10,North,4514,ST,7.00,31598.00,EUR
"{'id': ""http://e05.bi.ucc.cit.tum.de/odata/935/Market('.1~300')"", 'uri': ""http://e05.bi.ucc.cit.tum.de/odata/935/Market('.1~300')"", 'type': 'ZCDS_ODATA_SIMULATION_SRV.Market'}",.1~300,300,JJ,Market,03,9,1kg Raisin Muesli,10,South,4402,ST,7.00,30814.00,EUR
"{'id': ""http://e05.bi.ucc.cit.tum.de/odata/935/Market('.1~301')"", 'uri': ""http://e05.bi.ucc.cit.tum.de/odata/935/Market('.1~301')"", 'type': 'ZCDS_ODATA_SIMULATION_SRV.Market'}",.1~301,301,JJ,Market,03,9,1kg Raisin Muesli,10,West,4840,ST,7.00,33880.00,EUR
"{'id': ""http://e05.bi.ucc.cit.tum.de/odata/935/Market('.1~302')"", 'uri': ""http://e05.bi.ucc.cit.tum.de/odata/935/Market('.1~302')"", 'type': 'ZCDS_ODATA_SIMULATION_SRV.Market'}",.1~302,302,JJ,Market,03,9,1kg Strawberry Muesli,10,West,945,ST,10.00,9450.00,EUR
"{'id': ""http://e05.bi.ucc.cit.tum.de/odata/935/Market('.1~303')"", 'uri': ""http://e05.bi.ucc.cit.tum.de/odata/935/Market('.1~303')"", 'type': 'ZCDS_ODATA_SIMULATION_SRV.Market'}",.1~303,303,JJ,Market,03,9,1kg Blueberry Muesli,12,North,2587,ST,9.00,23283.00,EUR
"{'id': ""http://e05.bi.ucc.cit.tum.de/odata/935/Market('.1~304')"", 'uri': ""http://e05.bi.ucc.cit.tum.de/odata/935/Market('.1~304')"", 'type': 'ZCDS_ODATA_SIMULATION_SRV.Market'}",.1~304,304,JJ,Market,03,9,1kg Blueberry Muesli,12,West,3187,ST,9.00,28683.00,EUR
"{'id': ""http://e05.bi.ucc.cit.tum.de/odata/935/Market('.1~305')"", 'uri': ""http://e05.bi.ucc.cit.tum.de/odata/935/Market('.1~305')"", 'type': 'ZCDS_ODATA_SIMULATION_SRV.Market'}",.1~305,305,JJ,Market,03,9,1kg Mixed Fruit Muesli,12,North,12974,ST,8.72,112789.00,EUR
"{'id': ""http://e05.bi.ucc.cit.tum.de/odata/935/Market('.1~306')"", 'uri': ""http://e05.bi.ucc.cit.tum.de/odata/935/Market('.1~306')"", 'type': 'ZCDS_ODATA_SIMULATION_SRV.Market'}",.1~306,306,JJ,Market,03,9,1kg Mixed Fruit Muesli,12,South,15570,ST,8.33,129515.00,EUR
"{'id': ""http://e05.bi.ucc.cit.tum.de/odata/935/Market('.1~307')"", 'uri': ""http://e05.bi.ucc.cit.tum.de/odata/935/Market('.1~307')"", 'type': 'ZCDS_ODATA_SIMULATION_SRV.Market'}",.1~307,307,JJ,Market,03,9,1kg Mixed Fruit Muesli,12,West,14853,ST,8.50,125841.00,EUR
"{'id': ""http://e05.bi.ucc.cit.tum.de/odata/935/Market('.1~308')"", 'uri': ""http://e05.bi.ucc.cit.tum.de/odata/935/Market('.1~308')"", 'type': 'ZCDS_ODATA_SIMULATION_SRV.Market'}",.1~308,308,JJ,Market,03,9,1kg Nut Muesli,12,North,2810,ST,9.00,25290.00,EUR
"{'id': ""http://e05.bi.ucc.cit.tum.de/odata/935/Market('.1~309')"", 'uri': ""http://e05.bi.ucc.cit.tum.de/odata/935/Market('.1~309')"", 'type': 'ZCDS_ODATA_SIMULATION_SRV.Market'}",.1~309,309,JJ,Market,03,9,1kg Nut Muesli,12,South,3628,ST,9.00,32652.00,EUR
"{'id': ""http://e05.bi.ucc.cit.tum.de/odata/935/Market('.1~310')"", 'uri': ""http://e05.bi.ucc.cit.tum.de/odata/935/Market('.1~310')"", 'type': 'ZCDS_ODATA_SIMULATION_SRV.Market'}",.1~310,310,JJ,Market,03,9,1kg Nut Muesli,12,West,3231,ST,9.00,29079.00,EUR
"{'id': ""http://e05.bi.ucc.cit.tum.de/odata/935/Market('.1~311')"", 'uri': ""http://e05.bi.ucc.cit.tum.de/odata/935/Market('.1~311')"", 'type': 'ZCDS_ODATA_SIMULATION_SRV.Market'}",.1~311,311,JJ,Market,03,9,1kg Original Muesli,12,North,1292,ST,8.00,10336.00,EUR
"{'id': ""http://e05.bi.ucc.cit.tum.de/odata/935/Market('.1~312')"", 'uri': ""http://e05.bi.ucc.cit.tum.de/odata/935/Market('.1~312')"", 'type': 'ZCDS_ODATA_SIMULATION_SRV.Market'}",.1~312,312,JJ,Market,03,9,1kg Original Muesli,12,South,1947,ST,6.00,11682.00,EUR
"{'id': ""http://e05.bi.ucc.cit.tum.de/odata/935/Market('.1~313')"", 'uri': ""http://e05.bi.ucc.cit.tum.de/odata/935/Market('.1~313')"", 'type': 'ZCDS_ODATA_SIMULATION_SRV.Market'}",.1~313,313,JJ,Market,03,9,1kg Raisin Muesli,12,North,5209,ST,8.00,41672.00,EUR
"{'id': ""http://e05.bi.ucc.cit.tum.de/odata/935/Market('.1~314')"", 'uri': ""http://e05.bi.ucc.cit.tum.de/odata/935/Market('.1~314')"", 'type': 'ZCDS_ODATA_SIMULATION_SRV.Market'}",.1~314,314,JJ,Market,03,9,1kg Raisin Muesli,12,South,8971,ST,8.42,75197.00,EUR
"{'id': ""http://e05.bi.ucc.cit.tum.de/odata/935/Market('.1~315')"", 'uri': ""http://e05.bi.ucc.cit.tum.de/odata/935/Market('.1~315')"", 'type': 'ZCDS_ODATA_SIMULATION_SRV.Market'}",.1~315,315,JJ,Market,03,9,1kg Raisin Muesli,12,West,7123,ST,8.66,61472.00,EUR
"{'id': ""http://e05.bi.ucc.cit.tum.de/odata/935/Market('.1~316')"", 'uri': ""http://e05.bi.ucc.cit.tum.de/odata/935/Market('.1~316')"", 'type': 'ZCDS_ODATA_SIMULATION_SRV.Market'}",.1~316,316,JJ,Market,03,9,1kg Strawberry Muesli,12,North,6313,ST,9.00,56817.00,EUR
"{'id': ""http://e05.bi.ucc.cit.tum.de/odata/935/Market('.1~317')"", 'uri': ""http://e05.bi.ucc.cit.tum.de/odata/935/Market('.1~317')"", 'type': 'ZCDS_ODATA_SIMULATION_SRV.Market'}",.1~317,317,JJ,Market,03,9,1kg Strawberry Muesli,12,West,3290,ST,9.00,29610.00,EUR
"{'id': ""http://e05.bi.ucc.cit.tum.de/odata/935/Market('.1~318')"", 'uri': ""http://e05.bi.ucc.cit.tum.de/odata/935/Market('.1~318')"", 'type': 'ZCDS_ODATA_SIMULATION_SRV.Market'}",.1~318,318,JJ,Market,03,9,500g Blueberry Muesli,12,West,4159,ST,7.00,29113.00,EUR
"{'id': ""http://e05.bi.ucc.cit.tum.de/odata/935/Market('.1~319')"", 'uri': ""http://e05.bi.ucc.cit.tum.de/odata/935/Market('.1~319')"", 'type': 'ZCDS_ODATA_SIMULATION_SRV.Market'}",.1~319,319,JJ,Market,03,9,500g Mixed Fruit Muesli,12,North,1363,ST,7.00,9541.00,EUR
"{'id': ""http://e05.bi.ucc.cit.tum.de/odata/935/Market('.1~320')"", 'uri': ""http://e05.bi.ucc.cit.tum.de/odata/935/Market('.1~320')"", 'type': 'ZCDS_ODATA_SIMULATION_SRV.Market'}",.1~320,320,JJ,Market,03,9,500g Mixed Fruit Muesli,12,South,5722,ST,7.00,40054.00,EUR
"{'id': ""http://e05.bi.ucc.cit.tum.de/odata/935/Market('.1~321')"", 'uri': ""http://e05.bi.ucc.cit.tum.de/odata/935/Market('.1~321')"", 'type': 'ZCDS_ODATA_SIMULATION_SRV.Market'}",.1~321,321,JJ,Market,03,9,500g Mixed Fruit Muesli,12,West,4494,ST,7.00,31458.00,EUR
"{'id': ""http://e05.bi.ucc.cit.tum.de/odata/935/Market('.1~322')"", 'uri': ""http://e05.bi.ucc.cit.tum.de/odata/935/Market('.1~322')"", 'type': 'ZCDS_ODATA_SIMULATION_SRV.Market'}",.1~322,322,JJ,Market,03,9,500g Nut Muesli,12,North,1966,ST,7.00,13762.00,EUR
"{'id': ""http://e05.bi.ucc.cit.tum.de/odata/935/Market('.1~323')"", 'uri': ""http://e05.bi.ucc.cit.tum.de/odata/935/Market('.1~323')"", 'type': 'ZCDS_ODATA_SIMULATION_SRV.Market'}",.1~323,323,JJ,Market,03,9,500g Nut Muesli,12,South,1569,ST,7.00,10983.00,EUR
"{'id': ""http://e05.bi.ucc.cit.tum.de/odata/935/Market('.1~324')"", 'uri': ""http://e05.bi.ucc.cit.tum.de/odata/935/Market('.1~324')"", 'type': 'ZCDS_ODATA_SIMULATION_SRV.Market'}",.1~324,324,JJ,Market,03,9,500g Nut Muesli,12,West,1306,ST,7.00,9142.00,EUR
"{'id': ""http://e05.bi.ucc.cit.tum.de/odata/935/Market('.1~325')"", 'uri': ""http://e05.bi.ucc.cit.tum.de/odata/935/Market('.1~325')"", 'type': 'ZCDS_ODATA_SIMULATION_SRV.Market'}",.1~325,325,JJ,Market,03,9,500g Original Muesli,12,North,438,ST,3.00,1314.00,EUR
"{'id': ""http://e05.bi.ucc.cit.tum.de/odata/935/Market('.1~326')"", 'uri': ""http://e05.bi.ucc.cit.tum.de/odata/935/Market('.1~326')"", 'type': 'ZCDS_ODATA_SIMULATION_SRV.Market'}",.1~326,326,JJ,Market,03,9,500g Original Muesli,12,South,10154,ST,3.00,30462.00,EUR
"{'id': ""http://e05.bi.ucc.cit.tum.de/odata/935/Market('.1~327')"", 'uri': ""http://e05.bi.ucc.cit.tum.de/odata/935/Market('.1~327')"", 'type': 'ZCDS_ODATA_SIMULATION_SRV.Market'}",.1~327,327,JJ,Market,03,9,500g Raisin Muesli,12,North,3158,ST,4.16,13137.28,EUR
"{'id': ""http://e05.bi.ucc.cit.tum.de/odata/935/Market('.1~328')"", 'uri': ""http://e05.bi.ucc.cit.tum.de/odata/935/Market('.1~328')"", 'type': 'ZCDS_ODATA_SIMULATION_SRV.Market'}",.1~328,328,JJ,Market,03,9,500g Raisin Muesli,12,South,1953,ST,4.80,9374.40,EUR
"{'id': ""http://e05.bi.ucc.cit.tum.de/odata/935/Market('.1~329')"", 'uri': ""http://e05.bi.ucc.cit.tum.de/odata/935/Market('.1~329')"", 'type': 'ZCDS_ODATA_SIMULATION_SRV.Market'}",.1~329,329,JJ,Market,03,9,500g Raisin Muesli,12,West,5057,ST,4.16,21037.12,EUR
"{'id': ""http://e05.bi.ucc.cit.tum.de/odata/935/Market('.1~330')"", 'uri': ""http://e05.bi.ucc.cit.tum.de/odata/935/Market('.1~330')"", 'type': 'ZCDS_ODATA_SIMULATION_SRV.Market'}",.1~330,330,JJ,Market,03,9,500g Strawberry Muesli,12,North,1853,ST,6.37,12425.80,EUR
"{'id': ""http://e05.bi.ucc.cit.tum.de/odata/935/Market('.1~331')"", 'uri': ""http://e05.bi.ucc.cit.tum.de/odata/935/Market('.1~331')"", 'type': 'ZCDS_ODATA_SIMULATION_SRV.Market'}",.1~331,331,JJ,Market,03,9,500g Blueberry Muesli,14,North,470,ST,7.00,3290.00,EUR
"{'id': ""http://e05.bi.ucc.cit.tum.de/odata/935/Market('.1~332')"", 'uri': ""http://e05.bi.ucc.cit.tum.de/odata/935/Market('.1~332')"", 'type': 'ZCDS_ODATA_SIMULATION_SRV.Market'}",.1~332,332,JJ,Market,03,9,500g Blueberry Muesli,14,West,803,ST,4.23,3396.69,EUR
"{'id': ""http://e05.bi.ucc.cit.tum.de/odata/935/Market('.1~333')"", 'uri': ""http://e05.bi.ucc.cit.tum.de/odata/935/Market('.1~333')"", 'type': 'ZCDS_ODATA_SIMULATION_SRV.Market'}",.1~333,333,JJ,Market,03,9,500g Mixed Fruit Muesli,14,North,4682,ST,7.00,32774.00,EUR
"{'id': ""http://e05.bi.ucc.cit.tum.de/odata/935/Market('.1~334')"", 'uri': ""http://e05.bi.ucc.cit.tum.de/odata/935/Market('.1~334')"", 'type': 'ZCDS_ODATA_SIMULATION_SRV.Market'}",.1~334,334,JJ,Market,03,9,500g Mixed Fruit Muesli,14,South,567,ST,7.00,3969.00,EUR
"{'id': ""http://e05.bi.ucc.cit.tum.de/odata/935/Market('.1~335')"", 'uri': ""http://e05.bi.ucc.cit.tum.de/odata/935/Market('.1~335')"", 'type': 'ZCDS_ODATA_SIMULATION_SRV.Market'}",.1~335,335,JJ,Market,03,9,500g Mixed Fruit Muesli,14,West,2117,ST,7.00,14819.00,EUR
"{'id': ""http://e05.bi.ucc.cit.tum.de/odata/935/Market('.1~336')"", 'uri': ""http://e05.bi.ucc.cit.tum.de/odata/935/Market('.1~336')"", 'type': 'ZCDS_ODATA_SIMULATION_SRV.Market'}",.1~336,336,JJ,Market,03,9,500g Nut Muesli,14,North,880,ST,3.90,3432.00,EUR
"{'id': ""http://e05.bi.ucc.cit.tum.de/odata/935/Market('.1~337')"", 'uri': ""http://e05.bi.ucc.cit.tum.de/odata/935/Market('.1~337')"", 'type': 'ZCDS_ODATA_SIMULATION_SRV.Market'}",.1~337,337,JJ,Market,03,9,500g Nut Muesli,14,South,1592,ST,5.45,9863.70,EUR
"{'id': ""http://e05.bi.ucc.cit.tum.de/odata/935/Market('.1~338')"", 'uri': ""http://e05.bi.ucc.cit.tum.de/odata/935/Market('.1~338')"", 'type': 'ZCDS_ODATA_SIMULATION_SRV.Market'}",.1~338,338,JJ,Market,03,9,500g Nut Muesli,14,West,10658,ST,5.06,51755.90,EUR
"{'id': ""http://e05.bi.ucc.cit.tum.de/odata/935/Market('.1~339')"", 'uri': ""http://e05.bi.ucc.cit.tum.de/odata/935/Market('.1~339')"", 'type': 'ZCDS_ODATA_SIMULATION_SRV.Market'}",.1~339,339,JJ,Market,03,9,500g Original Muesli,14,South,3703,ST,3.77,13960.31,EUR
"{'id': ""http://e05.bi.ucc.cit.tum.de/odata/935/Market('.1~340')"", 'uri': ""http://e05.bi.ucc.cit.tum.de/odata/935/Market('.1~340')"", 'type': 'ZCDS_ODATA_SIMULATION_SRV.Market'}",.1~340,340,JJ,Market,03,9,500g Raisin Muesli,14,North,18788,ST,3.79,71206.52,EUR
"{'id': ""http://e05.bi.ucc.cit.tum.de/odata/935/Market('.1~341')"", 'uri': ""http://e05.bi.ucc.cit.tum.de/odata/935/Market('.1~341')"", 'type': 'ZCDS_ODATA_SIMULATION_SRV.Market'}",.1~341,341,JJ,Market,03,9,500g Raisin Muesli,14,South,18920,ST,4.08,75237.80,EUR
"{'id': ""http://e05.bi.ucc.cit.tum.de/odata/935/Market('.1~342')"", 'uri': ""http://e05.bi.ucc.cit.tum.de/odata/935/Market('.1~342')"", 'type': 'ZCDS_ODATA_SIMULATION_SRV.Market'}",.1~342,342,JJ,Market,03,9,500g Raisin Muesli,14,West,15033,ST,4.50,63491.37,EUR
"{'id': ""http://e05.bi.ucc.cit.tum.de/odata/935/Market('.1~343')"", 'uri': ""http://e05.bi.ucc.cit.tum.de/odata/935/Market('.1~343')"", 'type': 'ZCDS_ODATA_SIMULATION_SRV.Market'}",.1~343,343,JJ,Market,03,9,500g Strawberry Muesli,14,North,2346,ST,7.00,16422.00,EUR
"{'id': ""http://e05.bi.ucc.cit.tum.de/odata/935/Market('.1~344')"", 'uri': ""http://e05.bi.ucc.cit.tum.de/odata/935/Market('.1~344')"", 'type': 'ZCDS_ODATA_SIMULATION_SRV.Market'}",.1~344,344,JJ,Market,03,9,500g Strawberry Muesli,14,South,758,ST,7.00,5306.00,EUR
