__metadata,ID,ROW_ID,COMPANY_CODE,SIM_ROUND,SIM_STEP,SIM_DATE,SIM_PERIOD,SIM_ELAPSED_STEPS,GL_ACCOUNT_NUMBER,GL_ACCOUNT_NAME,FS_LEVEL_1,FS_LEVEL_2,FS_LEVEL_3,FS_LEVEL_4,DEBIT_CREDIT_INDICATOR,AMOUNT,CURRENCY
"{'id': ""http://e05.bi.ucc.cit.tum.de/odata/935/Financial_Postings('.1~1')"", 'uri': ""http://e05.bi.ucc.cit.tum.de/odata/935/Financial_Postings('.1~1')"", 'type': 'ZCDS_ODATA_SIMULATION_SRV.Financial_Postings'}",.1~1,1,JJ,01,01,01/01,1,1,1000,Land,Balance Sheet,Assets,Long-Term Assets,,Debit,500000.00,EUR
"{'id': ""http://e05.bi.ucc.cit.tum.de/odata/935/Financial_Postings('.1~2')"", 'uri': ""http://e05.bi.ucc.cit.tum.de/odata/935/Financial_Postings('.1~2')"", 'type': 'ZCDS_ODATA_SIMULATION_SRV.Financial_Postings'}",.1~2,2,JJ,01,01,01/01,1,1,2000,Buildings,Balance Sheet,Assets,Long-Term Assets,,Debit,1500000.00,EUR
"{'id': ""http://e05.bi.ucc.cit.tum.de/odata/935/Financial_Postings('.1~22')"", 'uri': ""http://e05.bi.ucc.cit.tum.de/odata/935/Financial_Postings('.1~22')"", 'type': 'ZCDS_ODATA_SIMULATION_SRV.Financial_Postings'}",.1~22,22,JJ,01,06,01/06,2,6,191100,GR/IR Clearing - External procurement,Balance Sheet,Liabilities and Owners' Equity,Liabilities,Current Liabilities,Debit,681960.00,EUR
"{'id': ""http://e05.bi.ucc.cit.tum.de/odata/935/Financial_Postings('.1~21')"", 'uri': ""http://e05.bi.ucc.cit.tum.de/odata/935/Financial_Postings('.1~21')"", 'type': 'ZCDS_ODATA_SIMULATION_SRV.Financial_Postings'}",.1~21,21,JJ,01,06,01/06,2,6,191100,GR/IR Clearing - External procurement,Balance Sheet,Liabilities and Owners' Equity,Liabilities,Current Liabilities,Credit,-681960.00,EUR
"{'id': ""http://e05.bi.ucc.cit.tum.de/odata/935/Financial_Postings('.1~13')"", 'uri': ""http://e05.bi.ucc.cit.tum.de/odata/935/Financial_Postings('.1~13')"", 'type': 'ZCDS_ODATA_SIMULATION_SRV.Financial_Postings'}",.1~13,13,JJ,01,05,01/05,1,5,476900,Interest expenses,Income Statement,"Sales, General, and Administrative Expenses",Interest Expenses,,Debit,12527.63,EUR
"{'id': ""http://e05.bi.ucc.cit.tum.de/odata/935/Financial_Postings('.1~43')"", 'uri': ""http://e05.bi.ucc.cit.tum.de/odata/935/Financial_Postings('.1~43')"", 'type': 'ZCDS_ODATA_SIMULATION_SRV.Financial_Postings'}",.1~43,43,JJ,01,15,01/15,3,15,476900,Interest expenses,Income Statement,"Sales, General, and Administrative Expenses",Interest Expenses,,Debit,12837.15,EUR
"{'id': ""http://e05.bi.ucc.cit.tum.de/odata/935/Financial_Postings('.1~29')"", 'uri': ""http://e05.bi.ucc.cit.tum.de/odata/935/Financial_Postings('.1~29')"", 'type': 'ZCDS_ODATA_SIMULATION_SRV.Financial_Postings'}",.1~29,29,JJ,01,10,01/10,2,10,476900,Interest expenses,Income Statement,"Sales, General, and Administrative Expenses",Interest Expenses,,Debit,12759.77,EUR
"{'id': ""http://e05.bi.ucc.cit.tum.de/odata/935/Financial_Postings('.1~56')"", 'uri': ""http://e05.bi.ucc.cit.tum.de/odata/935/Financial_Postings('.1~56')"", 'type': 'ZCDS_ODATA_SIMULATION_SRV.Financial_Postings'}",.1~56,56,JJ,01,20,01/20,4,20,476900,Interest expenses,Income Statement,"Sales, General, and Administrative Expenses",Interest Expenses,,Debit,13223.10,EUR
"{'id': ""http://e05.bi.ucc.cit.tum.de/odata/935/Financial_Postings('.1~4')"", 'uri': ""http://e05.bi.ucc.cit.tum.de/odata/935/Financial_Postings('.1~4')"", 'type': 'ZCDS_ODATA_SIMULATION_SRV.Financial_Postings'}",.1~4,4,JJ,01,01,01/01,1,1,70000,Common stock,Balance Sheet,Liabilities and Owners' Equity,Equity,Shareholders Equity,Credit,-21000000.00,EUR
"{'id': ""http://e05.bi.ucc.cit.tum.de/odata/935/Financial_Postings('.1~78')"", 'uri': ""http://e05.bi.ucc.cit.tum.de/odata/935/Financial_Postings('.1~78')"", 'type': 'ZCDS_ODATA_SIMULATION_SRV.Financial_Postings'}",.1~78,78,JJ,02,02,02/02,5,22,893010,Total fin.prod. sold,Income Statement,Cost of Goods Sold,,,Debit,21600.00,EUR
"{'id': ""http://e05.bi.ucc.cit.tum.de/odata/935/Financial_Postings('.1~3')"", 'uri': ""http://e05.bi.ucc.cit.tum.de/odata/935/Financial_Postings('.1~3')"", 'type': 'ZCDS_ODATA_SIMULATION_SRV.Financial_Postings'}",.1~3,3,JJ,01,01,01/01,1,1,11000,Machinery and equipment,Balance Sheet,Assets,Long-Term Assets,,Debit,24000000.00,EUR
"{'id': ""http://e05.bi.ucc.cit.tum.de/odata/935/Financial_Postings('.1~79')"", 'uri': ""http://e05.bi.ucc.cit.tum.de/odata/935/Financial_Postings('.1~79')"", 'type': 'ZCDS_ODATA_SIMULATION_SRV.Financial_Postings'}",.1~79,79,JJ,02,02,02/02,5,22,895000,Total Finished Products Produced,Income Statement,Inventory Change,,,Credit,-14400.00,EUR
"{'id': ""http://e05.bi.ucc.cit.tum.de/odata/935/Financial_Postings('.1~67')"", 'uri': ""http://e05.bi.ucc.cit.tum.de/odata/935/Financial_Postings('.1~67')"", 'type': 'ZCDS_ODATA_SIMULATION_SRV.Financial_Postings'}",.1~67,67,JJ,02,01,02/01,5,21,895000,Total Finished Products Produced,Income Statement,Inventory Change,,,Credit,-21600.00,EUR
"{'id': ""http://e05.bi.ucc.cit.tum.de/odata/935/Financial_Postings('.1~77')"", 'uri': ""http://e05.bi.ucc.cit.tum.de/odata/935/Financial_Postings('.1~77')"", 'type': 'ZCDS_ODATA_SIMULATION_SRV.Financial_Postings'}",.1~77,77,JJ,02,02,02/02,5,22,800000,Sales revenues - domestic,Income Statement,Revenues,,,Credit,-108000.00,EUR
"{'id': ""http://e05.bi.ucc.cit.tum.de/odata/935/Financial_Postings('.1~71')"", 'uri': ""http://e05.bi.ucc.cit.tum.de/odata/935/Financial_Postings('.1~71')"", 'type': 'ZCDS_ODATA_SIMULATION_SRV.Financial_Postings'}",.1~71,71,JJ,02,02,02/02,5,22,140000,Customers - Domestic Receivables,Balance Sheet,Assets,Current Assets,,Debit,108000.00,EUR
"{'id': ""http://e05.bi.ucc.cit.tum.de/odata/935/Financial_Postings('.1~64')"", 'uri': ""http://e05.bi.ucc.cit.tum.de/odata/935/Financial_Postings('.1~64')"", 'type': 'ZCDS_ODATA_SIMULATION_SRV.Financial_Postings'}",.1~64,64,JJ,02,01,02/01,5,21,300000,Raw materials,Balance Sheet,Assets,Current Assets,,Credit,-21774.00,EUR
"{'id': ""http://e05.bi.ucc.cit.tum.de/odata/935/Financial_Postings('.1~23')"", 'uri': ""http://e05.bi.ucc.cit.tum.de/odata/935/Financial_Postings('.1~23')"", 'type': 'ZCDS_ODATA_SIMULATION_SRV.Financial_Postings'}",.1~23,23,JJ,01,06,01/06,2,6,300000,Raw materials,Balance Sheet,Assets,Current Assets,,Debit,681960.00,EUR
"{'id': ""http://e05.bi.ucc.cit.tum.de/odata/935/Financial_Postings('.1~72')"", 'uri': ""http://e05.bi.ucc.cit.tum.de/odata/935/Financial_Postings('.1~72')"", 'type': 'ZCDS_ODATA_SIMULATION_SRV.Financial_Postings'}",.1~72,72,JJ,02,02,02/02,5,22,300000,Raw materials,Balance Sheet,Assets,Current Assets,,Credit,-14516.00,EUR
"{'id': ""http://e05.bi.ucc.cit.tum.de/odata/935/Financial_Postings('.1~20')"", 'uri': ""http://e05.bi.ucc.cit.tum.de/odata/935/Financial_Postings('.1~20')"", 'type': 'ZCDS_ODATA_SIMULATION_SRV.Financial_Postings'}",.1~20,20,JJ,01,06,01/06,2,6,160000,Accounts payable-domestic,Balance Sheet,Liabilities and Owners' Equity,Liabilities,Current Liabilities,Credit,-681960.00,EUR
"{'id': ""http://e05.bi.ucc.cit.tum.de/odata/935/Financial_Postings('.1~39')"", 'uri': ""http://e05.bi.ucc.cit.tum.de/odata/935/Financial_Postings('.1~39')"", 'type': 'ZCDS_ODATA_SIMULATION_SRV.Financial_Postings'}",.1~39,39,JJ,01,15,01/15,3,15,11010,Accumulated depreciation - machinery and equipment,Balance Sheet,Assets,Long-Term Assets,,Credit,-50000.00,EUR
"{'id': ""http://e05.bi.ucc.cit.tum.de/odata/935/Financial_Postings('.1~52')"", 'uri': ""http://e05.bi.ucc.cit.tum.de/odata/935/Financial_Postings('.1~52')"", 'type': 'ZCDS_ODATA_SIMULATION_SRV.Financial_Postings'}",.1~52,52,JJ,01,20,01/20,4,20,11010,Accumulated depreciation - machinery and equipment,Balance Sheet,Assets,Long-Term Assets,,Credit,-50000.00,EUR
"{'id': ""http://e05.bi.ucc.cit.tum.de/odata/935/Financial_Postings('.1~9')"", 'uri': ""http://e05.bi.ucc.cit.tum.de/odata/935/Financial_Postings('.1~9')"", 'type': 'ZCDS_ODATA_SIMULATION_SRV.Financial_Postings'}",.1~9,9,JJ,01,05,01/05,1,5,11010,Accumulated depreciation - machinery and equipment,Balance Sheet,Assets,Long-Term Assets,,Credit,-50000.00,EUR
"{'id': ""http://e05.bi.ucc.cit.tum.de/odata/935/Financial_Postings('.1~25')"", 'uri': ""http://e05.bi.ucc.cit.tum.de/odata/935/Financial_Postings('.1~25')"", 'type': 'ZCDS_ODATA_SIMULATION_SRV.Financial_Postings'}",.1~25,25,JJ,01,10,01/10,2,10,11010,Accumulated depreciation - machinery and equipment,Balance Sheet,Assets,Long-Term Assets,,Credit,-50000.00,EUR
"{'id': ""http://e05.bi.ucc.cit.tum.de/odata/935/Financial_Postings('.1~74')"", 'uri': ""http://e05.bi.ucc.cit.tum.de/odata/935/Financial_Postings('.1~74')"", 'type': 'ZCDS_ODATA_SIMULATION_SRV.Financial_Postings'}",.1~74,74,JJ,02,02,02/02,5,22,478000,Lean Manufacturing Program Expenses,Income Statement,"Sales, General, and Administrative Expenses",Production Improvement Expenses,,Debit,500000.00,EUR
"{'id': ""http://e05.bi.ucc.cit.tum.de/odata/935/Financial_Postings('.1~62')"", 'uri': ""http://e05.bi.ucc.cit.tum.de/odata/935/Financial_Postings('.1~62')"", 'type': 'ZCDS_ODATA_SIMULATION_SRV.Financial_Postings'}",.1~62,62,JJ,01,20,01/20,4,20,540000,Warehousing Carbon Emissions,Income Statement,Operating Expenses,,,Debit,22500.00,EUR
"{'id': ""http://e05.bi.ucc.cit.tum.de/odata/935/Financial_Postings('.1~49')"", 'uri': ""http://e05.bi.ucc.cit.tum.de/odata/935/Financial_Postings('.1~49')"", 'type': 'ZCDS_ODATA_SIMULATION_SRV.Financial_Postings'}",.1~49,49,JJ,01,15,01/15,3,15,540000,Warehousing Carbon Emissions,Income Statement,Operating Expenses,,,Debit,22500.00,EUR
"{'id': ""http://e05.bi.ucc.cit.tum.de/odata/935/Financial_Postings('.1~35')"", 'uri': ""http://e05.bi.ucc.cit.tum.de/odata/935/Financial_Postings('.1~35')"", 'type': 'ZCDS_ODATA_SIMULATION_SRV.Financial_Postings'}",.1~35,35,JJ,01,10,01/10,2,10,540000,Warehousing Carbon Emissions,Income Statement,Operating Expenses,,,Debit,18000.00,EUR
"{'id': ""http://e05.bi.ucc.cit.tum.de/odata/935/Financial_Postings('.1~66')"", 'uri': ""http://e05.bi.ucc.cit.tum.de/odata/935/Financial_Postings('.1~66')"", 'type': 'ZCDS_ODATA_SIMULATION_SRV.Financial_Postings'}",.1~66,66,JJ,02,01,02/01,5,21,792000,Finished goods,Balance Sheet,Assets,Current Assets,,Debit,21600.00,EUR
"{'id': ""http://e05.bi.ucc.cit.tum.de/odata/935/Financial_Postings('.1~76')"", 'uri': ""http://e05.bi.ucc.cit.tum.de/odata/935/Financial_Postings('.1~76')"", 'type': 'ZCDS_ODATA_SIMULATION_SRV.Financial_Postings'}",.1~76,76,JJ,02,02,02/02,5,22,792000,Finished goods,Balance Sheet,Assets,Current Assets,,Debit,14400.00,EUR
"{'id': ""http://e05.bi.ucc.cit.tum.de/odata/935/Financial_Postings('.1~75')"", 'uri': ""http://e05.bi.ucc.cit.tum.de/odata/935/Financial_Postings('.1~75')"", 'type': 'ZCDS_ODATA_SIMULATION_SRV.Financial_Postings'}",.1~75,75,JJ,02,02,02/02,5,22,792000,Finished goods,Balance Sheet,Assets,Current Assets,,Credit,-21600.00,EUR
"{'id': ""http://e05.bi.ucc.cit.tum.de/odata/935/Financial_Postings('.1~38')"", 'uri': ""http://e05.bi.ucc.cit.tum.de/odata/935/Financial_Postings('.1~38')"", 'type': 'ZCDS_ODATA_SIMULATION_SRV.Financial_Postings'}",.1~38,38,JJ,01,15,01/15,3,15,2010,Accumulated Depreciation - Buildings,Balance Sheet,Assets,Long-Term Assets,,Credit,-1250.00,EUR
"{'id': ""http://e05.bi.ucc.cit.tum.de/odata/935/Financial_Postings('.1~8')"", 'uri': ""http://e05.bi.ucc.cit.tum.de/odata/935/Financial_Postings('.1~8')"", 'type': 'ZCDS_ODATA_SIMULATION_SRV.Financial_Postings'}",.1~8,8,JJ,01,05,01/05,1,5,2010,Accumulated Depreciation - Buildings,Balance Sheet,Assets,Long-Term Assets,,Credit,-1250.00,EUR
"{'id': ""http://e05.bi.ucc.cit.tum.de/odata/935/Financial_Postings('.1~24')"", 'uri': ""http://e05.bi.ucc.cit.tum.de/odata/935/Financial_Postings('.1~24')"", 'type': 'ZCDS_ODATA_SIMULATION_SRV.Financial_Postings'}",.1~24,24,JJ,01,10,01/10,2,10,2010,Accumulated Depreciation - Buildings,Balance Sheet,Assets,Long-Term Assets,,Credit,-1250.00,EUR
"{'id': ""http://e05.bi.ucc.cit.tum.de/odata/935/Financial_Postings('.1~51')"", 'uri': ""http://e05.bi.ucc.cit.tum.de/odata/935/Financial_Postings('.1~51')"", 'type': 'ZCDS_ODATA_SIMULATION_SRV.Financial_Postings'}",.1~51,51,JJ,01,20,01/20,4,20,2010,Accumulated Depreciation - Buildings,Balance Sheet,Assets,Long-Term Assets,,Credit,-1250.00,EUR
"{'id': ""http://e05.bi.ucc.cit.tum.de/odata/935/Financial_Postings('.1~65')"", 'uri': ""http://e05.bi.ucc.cit.tum.de/odata/935/Financial_Postings('.1~65')"", 'type': 'ZCDS_ODATA_SIMULATION_SRV.Financial_Postings'}",.1~65,65,JJ,02,01,02/01,5,21,400000,Consumption Raw Materials,Income Statement,Inventory Change,,,Debit,21774.00,EUR
"{'id': ""http://e05.bi.ucc.cit.tum.de/odata/935/Financial_Postings('.1~73')"", 'uri': ""http://e05.bi.ucc.cit.tum.de/odata/935/Financial_Postings('.1~73')"", 'type': 'ZCDS_ODATA_SIMULATION_SRV.Financial_Postings'}",.1~73,73,JJ,02,02,02/02,5,22,400000,Consumption Raw Materials,Income Statement,Inventory Change,,,Debit,14516.00,EUR
"{'id': ""http://e05.bi.ucc.cit.tum.de/odata/935/Financial_Postings('.1~5')"", 'uri': ""http://e05.bi.ucc.cit.tum.de/odata/935/Financial_Postings('.1~5')"", 'type': 'ZCDS_ODATA_SIMULATION_SRV.Financial_Postings'}",.1~5,5,JJ,01,01,01/01,1,1,113101,Bank Loan,Balance Sheet,Liabilities and Owners' Equity,Liabilities,Current Liabilities,Credit,-8000000.00,EUR
"{'id': ""http://e05.bi.ucc.cit.tum.de/odata/935/Financial_Postings('.1~69')"", 'uri': ""http://e05.bi.ucc.cit.tum.de/odata/935/Financial_Postings('.1~69')"", 'type': 'ZCDS_ODATA_SIMULATION_SRV.Financial_Postings'}",.1~69,69,JJ,02,02,02/02,5,22,11099,Sustainable Manufacturing Expenses,Income Statement,"Sales, General, and Administrative Expenses",Production Improvement Expenses,,Debit,10000.00,EUR
"{'id': ""http://e05.bi.ucc.cit.tum.de/odata/935/Financial_Postings('.1~45')"", 'uri': ""http://e05.bi.ucc.cit.tum.de/odata/935/Financial_Postings('.1~45')"", 'type': 'ZCDS_ODATA_SIMULATION_SRV.Financial_Postings'}",.1~45,45,JJ,01,15,01/15,3,15,500000,Direct labor costs,Income Statement,Operating Expenses,,,Debit,20000.00,EUR
"{'id': ""http://e05.bi.ucc.cit.tum.de/odata/935/Financial_Postings('.1~58')"", 'uri': ""http://e05.bi.ucc.cit.tum.de/odata/935/Financial_Postings('.1~58')"", 'type': 'ZCDS_ODATA_SIMULATION_SRV.Financial_Postings'}",.1~58,58,JJ,01,20,01/20,4,20,500000,Direct labor costs,Income Statement,Operating Expenses,,,Debit,20000.00,EUR
"{'id': ""http://e05.bi.ucc.cit.tum.de/odata/935/Financial_Postings('.1~14')"", 'uri': ""http://e05.bi.ucc.cit.tum.de/odata/935/Financial_Postings('.1~14')"", 'type': 'ZCDS_ODATA_SIMULATION_SRV.Financial_Postings'}",.1~14,14,JJ,01,05,01/05,1,5,500000,Direct labor costs,Income Statement,Operating Expenses,,,Debit,20000.00,EUR
"{'id': ""http://e05.bi.ucc.cit.tum.de/odata/935/Financial_Postings('.1~31')"", 'uri': ""http://e05.bi.ucc.cit.tum.de/odata/935/Financial_Postings('.1~31')"", 'type': 'ZCDS_ODATA_SIMULATION_SRV.Financial_Postings'}",.1~31,31,JJ,01,10,01/10,2,10,500000,Direct labor costs,Income Statement,Operating Expenses,,,Debit,20000.00,EUR
"{'id': ""http://e05.bi.ucc.cit.tum.de/odata/935/Financial_Postings('.1~11')"", 'uri': ""http://e05.bi.ucc.cit.tum.de/odata/935/Financial_Postings('.1~11')"", 'type': 'ZCDS_ODATA_SIMULATION_SRV.Financial_Postings'}",.1~11,11,JJ,01,05,01/05,1,5,211120,Depreciation-buildings,Income Statement,Operating Expenses,,,Debit,1250.00,EUR
"{'id': ""http://e05.bi.ucc.cit.tum.de/odata/935/Financial_Postings('.1~41')"", 'uri': ""http://e05.bi.ucc.cit.tum.de/odata/935/Financial_Postings('.1~41')"", 'type': 'ZCDS_ODATA_SIMULATION_SRV.Financial_Postings'}",.1~41,41,JJ,01,15,01/15,3,15,211120,Depreciation-buildings,Income Statement,Operating Expenses,,,Debit,1250.00,EUR
"{'id': ""http://e05.bi.ucc.cit.tum.de/odata/935/Financial_Postings('.1~27')"", 'uri': ""http://e05.bi.ucc.cit.tum.de/odata/935/Financial_Postings('.1~27')"", 'type': 'ZCDS_ODATA_SIMULATION_SRV.Financial_Postings'}",.1~27,27,JJ,01,10,01/10,2,10,211120,Depreciation-buildings,Income Statement,Operating Expenses,,,Debit,1250.00,EUR
"{'id': ""http://e05.bi.ucc.cit.tum.de/odata/935/Financial_Postings('.1~54')"", 'uri': ""http://e05.bi.ucc.cit.tum.de/odata/935/Financial_Postings('.1~54')"", 'type': 'ZCDS_ODATA_SIMULATION_SRV.Financial_Postings'}",.1~54,54,JJ,01,20,01/20,4,20,211120,Depreciation-buildings,Income Statement,Operating Expenses,,,Debit,1250.00,EUR
"{'id': ""http://e05.bi.ucc.cit.tum.de/odata/935/Financial_Postings('.1~28')"", 'uri': ""http://e05.bi.ucc.cit.tum.de/odata/935/Financial_Postings('.1~28')"", 'type': 'ZCDS_ODATA_SIMULATION_SRV.Financial_Postings'}",.1~28,28,JJ,01,10,01/10,2,10,211130,Depreciation - machinery and equipment,Income Statement,Operating Expenses,,,Debit,50000.00,EUR
"{'id': ""http://e05.bi.ucc.cit.tum.de/odata/935/Financial_Postings('.1~42')"", 'uri': ""http://e05.bi.ucc.cit.tum.de/odata/935/Financial_Postings('.1~42')"", 'type': 'ZCDS_ODATA_SIMULATION_SRV.Financial_Postings'}",.1~42,42,JJ,01,15,01/15,3,15,211130,Depreciation - machinery and equipment,Income Statement,Operating Expenses,,,Debit,50000.00,EUR
"{'id': ""http://e05.bi.ucc.cit.tum.de/odata/935/Financial_Postings('.1~12')"", 'uri': ""http://e05.bi.ucc.cit.tum.de/odata/935/Financial_Postings('.1~12')"", 'type': 'ZCDS_ODATA_SIMULATION_SRV.Financial_Postings'}",.1~12,12,JJ,01,05,01/05,1,5,211130,Depreciation - machinery and equipment,Income Statement,Operating Expenses,,,Debit,50000.00,EUR
"{'id': ""http://e05.bi.ucc.cit.tum.de/odata/935/Financial_Postings('.1~55')"", 'uri': ""http://e05.bi.ucc.cit.tum.de/odata/935/Financial_Postings('.1~55')"", 'type': 'ZCDS_ODATA_SIMULATION_SRV.Financial_Postings'}",.1~55,55,JJ,01,20,01/20,4,20,211130,Depreciation - machinery and equipment,Income Statement,Operating Expenses,,,Debit,50000.00,EUR
"{'id': ""http://e05.bi.ucc.cit.tum.de/odata/935/Financial_Postings('.1~15')"", 'uri': ""http://e05.bi.ucc.cit.tum.de/odata/935/Financial_Postings('.1~15')"", 'type': 'ZCDS_ODATA_SIMULATION_SRV.Financial_Postings'}",.1~15,15,JJ,01,05,01/05,1,5,510000,Factory Overhead Expenses,Income Statement,Operating Expenses,,,Debit,15000.00,EUR
"{'id': ""http://e05.bi.ucc.cit.tum.de/odata/935/Financial_Postings('.1~46')"", 'uri': ""http://e05.bi.ucc.cit.tum.de/odata/935/Financial_Postings('.1~46')"", 'type': 'ZCDS_ODATA_SIMULATION_SRV.Financial_Postings'}",.1~46,46,JJ,01,15,01/15,3,15,510000,Factory Overhead Expenses,Income Statement,Operating Expenses,,,Debit,15000.00,EUR
"{'id': ""http://e05.bi.ucc.cit.tum.de/odata/935/Financial_Postings('.1~32')"", 'uri': ""http://e05.bi.ucc.cit.tum.de/odata/935/Financial_Postings('.1~32')"", 'type': 'ZCDS_ODATA_SIMULATION_SRV.Financial_Postings'}",.1~32,32,JJ,01,10,01/10,2,10,510000,Factory Overhead Expenses,Income Statement,Operating Expenses,,,Debit,15000.00,EUR
"{'id': ""http://e05.bi.ucc.cit.tum.de/odata/935/Financial_Postings('.1~59')"", 'uri': ""http://e05.bi.ucc.cit.tum.de/odata/935/Financial_Postings('.1~59')"", 'type': 'ZCDS_ODATA_SIMULATION_SRV.Financial_Postings'}",.1~59,59,JJ,01,20,01/20,4,20,510000,Factory Overhead Expenses,Income Statement,Operating Expenses,,,Debit,15000.00,EUR
"{'id': ""http://e05.bi.ucc.cit.tum.de/odata/935/Financial_Postings('.1~57')"", 'uri': ""http://e05.bi.ucc.cit.tum.de/odata/935/Financial_Postings('.1~57')"", 'type': 'ZCDS_ODATA_SIMULATION_SRV.Financial_Postings'}",.1~57,57,JJ,01,20,01/20,4,20,478100,Warehousing Costs,Income Statement,Operating Expenses,,,Debit,17500.00,EUR
"{'id': ""http://e05.bi.ucc.cit.tum.de/odata/935/Financial_Postings('.1~44')"", 'uri': ""http://e05.bi.ucc.cit.tum.de/odata/935/Financial_Postings('.1~44')"", 'type': 'ZCDS_ODATA_SIMULATION_SRV.Financial_Postings'}",.1~44,44,JJ,01,15,01/15,3,15,478100,Warehousing Costs,Income Statement,Operating Expenses,,,Debit,17500.00,EUR
"{'id': ""http://e05.bi.ucc.cit.tum.de/odata/935/Financial_Postings('.1~30')"", 'uri': ""http://e05.bi.ucc.cit.tum.de/odata/935/Financial_Postings('.1~30')"", 'type': 'ZCDS_ODATA_SIMULATION_SRV.Financial_Postings'}",.1~30,30,JJ,01,10,01/10,2,10,478100,Warehousing Costs,Income Statement,Operating Expenses,,,Debit,14000.00,EUR
"{'id': ""http://e05.bi.ucc.cit.tum.de/odata/935/Financial_Postings('.1~16')"", 'uri': ""http://e05.bi.ucc.cit.tum.de/odata/935/Financial_Postings('.1~16')"", 'type': 'ZCDS_ODATA_SIMULATION_SRV.Financial_Postings'}",.1~16,16,JJ,01,05,01/05,1,5,520000,"Sales, General and Administrative Expenses",Income Statement,"Sales, General, and Administrative Expenses",SG&A,,Debit,40000.00,EUR
"{'id': ""http://e05.bi.ucc.cit.tum.de/odata/935/Financial_Postings('.1~47')"", 'uri': ""http://e05.bi.ucc.cit.tum.de/odata/935/Financial_Postings('.1~47')"", 'type': 'ZCDS_ODATA_SIMULATION_SRV.Financial_Postings'}",.1~47,47,JJ,01,15,01/15,3,15,520000,"Sales, General and Administrative Expenses",Income Statement,"Sales, General, and Administrative Expenses",SG&A,,Debit,40000.00,EUR
"{'id': ""http://e05.bi.ucc.cit.tum.de/odata/935/Financial_Postings('.1~60')"", 'uri': ""http://e05.bi.ucc.cit.tum.de/odata/935/Financial_Postings('.1~60')"", 'type': 'ZCDS_ODATA_SIMULATION_SRV.Financial_Postings'}",.1~60,60,JJ,01,20,01/20,4,20,520000,"Sales, General and Administrative Expenses",Income Statement,"Sales, General, and Administrative Expenses",SG&A,,Debit,40000.00,EUR
"{'id': ""http://e05.bi.ucc.cit.tum.de/odata/935/Financial_Postings('.1~33')"", 'uri': ""http://e05.bi.ucc.cit.tum.de/odata/935/Financial_Postings('.1~33')"", 'type': 'ZCDS_ODATA_SIMULATION_SRV.Financial_Postings'}",.1~33,33,JJ,01,10,01/10,2,10,520000,"Sales, General and Administrative Expenses",Income Statement,"Sales, General, and Administrative Expenses",SG&A,,Debit,40000.00,EUR
"{'id': ""http://e05.bi.ucc.cit.tum.de/odata/935/Financial_Postings('.1~70')"", 'uri': ""http://e05.bi.ucc.cit.tum.de/odata/935/Financial_Postings('.1~70')"", 'type': 'ZCDS_ODATA_SIMULATION_SRV.Financial_Postings'}",.1~70,70,JJ,02,02,02/02,5,22,113300,Bank Cash Account,Balance Sheet,Assets,Current Assets,,Credit,-520000.00,EUR
"{'id': ""http://e05.bi.ucc.cit.tum.de/odata/935/Financial_Postings('.1~53')"", 'uri': ""http://e05.bi.ucc.cit.tum.de/odata/935/Financial_Postings('.1~53')"", 'type': 'ZCDS_ODATA_SIMULATION_SRV.Financial_Postings'}",.1~53,53,JJ,01,20,01/20,4,20,113300,Bank Cash Account,Balance Sheet,Assets,Current Assets,,Credit,-129123.10,EUR
"{'id': ""http://e05.bi.ucc.cit.tum.de/odata/935/Financial_Postings('.1~40')"", 'uri': ""http://e05.bi.ucc.cit.tum.de/odata/935/Financial_Postings('.1~40')"", 'type': 'ZCDS_ODATA_SIMULATION_SRV.Financial_Postings'}",.1~40,40,JJ,01,15,01/15,3,15,113300,Bank Cash Account,Balance Sheet,Assets,Current Assets,,Credit,-128737.15,EUR
"{'id': ""http://e05.bi.ucc.cit.tum.de/odata/935/Financial_Postings('.1~26')"", 'uri': ""http://e05.bi.ucc.cit.tum.de/odata/935/Financial_Postings('.1~26')"", 'type': 'ZCDS_ODATA_SIMULATION_SRV.Financial_Postings'}",.1~26,26,JJ,01,10,01/10,2,10,113300,Bank Cash Account,Balance Sheet,Assets,Current Assets,,Credit,-152539.77,EUR
"{'id': ""http://e05.bi.ucc.cit.tum.de/odata/935/Financial_Postings('.1~10')"", 'uri': ""http://e05.bi.ucc.cit.tum.de/odata/935/Financial_Postings('.1~10')"", 'type': 'ZCDS_ODATA_SIMULATION_SRV.Financial_Postings'}",.1~10,10,JJ,01,05,01/05,1,5,113300,Bank Cash Account,Balance Sheet,Assets,Current Assets,,Credit,-93227.63,EUR
"{'id': ""http://e05.bi.ucc.cit.tum.de/odata/935/Financial_Postings('.1~6')"", 'uri': ""http://e05.bi.ucc.cit.tum.de/odata/935/Financial_Postings('.1~6')"", 'type': 'ZCDS_ODATA_SIMULATION_SRV.Financial_Postings'}",.1~6,6,JJ,01,01,01/01,1,1,113300,Bank Cash Account,Balance Sheet,Assets,Current Assets,,Credit,-26000000.00,EUR
"{'id': ""http://e05.bi.ucc.cit.tum.de/odata/935/Financial_Postings('.1~7')"", 'uri': ""http://e05.bi.ucc.cit.tum.de/odata/935/Financial_Postings('.1~7')"", 'type': 'ZCDS_ODATA_SIMULATION_SRV.Financial_Postings'}",.1~7,7,JJ,01,01,01/01,1,1,113300,Bank Cash Account,Balance Sheet,Assets,Current Assets,,Debit,29000000.00,EUR
"{'id': ""http://e05.bi.ucc.cit.tum.de/odata/935/Financial_Postings('.1~37')"", 'uri': ""http://e05.bi.ucc.cit.tum.de/odata/935/Financial_Postings('.1~37')"", 'type': 'ZCDS_ODATA_SIMULATION_SRV.Financial_Postings'}",.1~37,37,JJ,01,10,01/10,2,10,680000,Operation Carbon Emissions,Income Statement,Cost of Goods Sold,,,Debit,31880.00,EUR
"{'id': ""http://e05.bi.ucc.cit.tum.de/odata/935/Financial_Postings('.1~61')"", 'uri': ""http://e05.bi.ucc.cit.tum.de/odata/935/Financial_Postings('.1~61')"", 'type': 'ZCDS_ODATA_SIMULATION_SRV.Financial_Postings'}",.1~61,61,JJ,01,20,01/20,4,20,530000,Overhead Carbon Emissions,Income Statement,Operating Expenses,,,Debit,400.00,EUR
"{'id': ""http://e05.bi.ucc.cit.tum.de/odata/935/Financial_Postings('.1~34')"", 'uri': ""http://e05.bi.ucc.cit.tum.de/odata/935/Financial_Postings('.1~34')"", 'type': 'ZCDS_ODATA_SIMULATION_SRV.Financial_Postings'}",.1~34,34,JJ,01,10,01/10,2,10,530000,Overhead Carbon Emissions,Income Statement,Operating Expenses,,,Debit,400.00,EUR
"{'id': ""http://e05.bi.ucc.cit.tum.de/odata/935/Financial_Postings('.1~48')"", 'uri': ""http://e05.bi.ucc.cit.tum.de/odata/935/Financial_Postings('.1~48')"", 'type': 'ZCDS_ODATA_SIMULATION_SRV.Financial_Postings'}",.1~48,48,JJ,01,15,01/15,3,15,530000,Overhead Carbon Emissions,Income Statement,Operating Expenses,,,Debit,400.00,EUR
"{'id': ""http://e05.bi.ucc.cit.tum.de/odata/935/Financial_Postings('.1~17')"", 'uri': ""http://e05.bi.ucc.cit.tum.de/odata/935/Financial_Postings('.1~17')"", 'type': 'ZCDS_ODATA_SIMULATION_SRV.Financial_Postings'}",.1~17,17,JJ,01,05,01/05,1,5,530000,Overhead Carbon Emissions,Income Statement,Operating Expenses,,,Debit,400.00,EUR
"{'id': ""http://e05.bi.ucc.cit.tum.de/odata/935/Financial_Postings('.1~36')"", 'uri': ""http://e05.bi.ucc.cit.tum.de/odata/935/Financial_Postings('.1~36')"", 'type': 'ZCDS_ODATA_SIMULATION_SRV.Financial_Postings'}",.1~36,36,JJ,01,10,01/10,2,10,550000,Purchased Energy Carbon Emissions,Income Statement,Operating Expenses,,,Debit,500.00,EUR
"{'id': ""http://e05.bi.ucc.cit.tum.de/odata/935/Financial_Postings('.1~50')"", 'uri': ""http://e05.bi.ucc.cit.tum.de/odata/935/Financial_Postings('.1~50')"", 'type': 'ZCDS_ODATA_SIMULATION_SRV.Financial_Postings'}",.1~50,50,JJ,01,15,01/15,3,15,550000,Purchased Energy Carbon Emissions,Income Statement,Operating Expenses,,,Debit,500.00,EUR
"{'id': ""http://e05.bi.ucc.cit.tum.de/odata/935/Financial_Postings('.1~18')"", 'uri': ""http://e05.bi.ucc.cit.tum.de/odata/935/Financial_Postings('.1~18')"", 'type': 'ZCDS_ODATA_SIMULATION_SRV.Financial_Postings'}",.1~18,18,JJ,01,05,01/05,1,5,550000,Purchased Energy Carbon Emissions,Income Statement,Operating Expenses,,,Debit,500.00,EUR
"{'id': ""http://e05.bi.ucc.cit.tum.de/odata/935/Financial_Postings('.1~63')"", 'uri': ""http://e05.bi.ucc.cit.tum.de/odata/935/Financial_Postings('.1~63')"", 'type': 'ZCDS_ODATA_SIMULATION_SRV.Financial_Postings'}",.1~63,63,JJ,01,20,01/20,4,20,550000,Purchased Energy Carbon Emissions,Income Statement,Operating Expenses,,,Debit,500.00,EUR
"{'id': ""http://e05.bi.ucc.cit.tum.de/odata/935/Financial_Postings('.1~19')"", 'uri': ""http://e05.bi.ucc.cit.tum.de/odata/935/Financial_Postings('.1~19')"", 'type': 'ZCDS_ODATA_SIMULATION_SRV.Financial_Postings'}",.1~19,19,JJ,01,05,01/05,1,5,670000,Investments Carbon Emissions,Income Statement,Operating Expenses,,,Debit,4800.00,EUR
"{'id': ""http://e05.bi.ucc.cit.tum.de/odata/935/Financial_Postings('.1~68')"", 'uri': ""http://e05.bi.ucc.cit.tum.de/odata/935/Financial_Postings('.1~68')"", 'type': 'ZCDS_ODATA_SIMULATION_SRV.Financial_Postings'}",.1~68,68,JJ,02,02,02/02,5,22,11098,Freight Fleet Efficiency Improvements,Income Statement,"Sales, General, and Administrative Expenses",Logistics Improvement Expenses,,Debit,10000.00,EUR
